timestamp,cpu_percent,ram_percent,disk_percent
2025-11-14 22:37:10,19.0,97.2,64.1
2025-11-14 22:37:17,23.5,97.9,64.1
2025-11-14 22:37:23,25.8,98.4,64.1
2025-11-14 22:37:29,19.7,97.5,64.1
2025-11-14 22:37:35,22.9,96.9,64.1
2025-11-14 22:37:42,19.6,97.4,64.1
2025-11-14 22:37:48,20.7,97.2,64.1
2025-11-14 22:37:54,20.6,97.2,64.1
2025-11-14 22:38:00,20.5,96.9,64.1
2025-11-14 22:38:06,21.3,97.0,64.1
2025-11-14 22:38:12,18.3,97.5,64.1
2025-11-14 22:38:18,21.8,97.2,64.1
2025-11-14 22:38:24,22.1,97.1,64.1
2025-11-14 22:38:31,21.2,96.9,64.1
2025-11-14 22:38:37,22.1,97.2,64.1
2025-11-14 22:38:43,23.0,97.0,64.1
2025-11-14 22:38:49,20.4,97.3,64.1
2025-11-14 22:38:55,19.9,97.0,64.1
2025-11-14 22:39:01,18.7,97.1,64.1
2025-11-14 22:39:07,36.2,96.7,64.1
2025-11-14 22:39:13,19.8,94.7,64.1
2025-11-14 22:39:19,18.5,94.3,64.1
2025-11-14 22:39:26,18.0,94.0,64.1
2025-11-14 22:39:32,18.1,93.5,64.1
2025-11-14 22:39:38,18.5,92.9,64.1
2025-11-14 22:39:44,17.7,92.8,64.1
2025-11-14 22:39:50,16.3,92.8,64.1
2025-11-14 22:39:56,17.3,92.8,64.1
2025-11-14 22:40:02,19.2,92.8,64.1
2025-11-14 22:40:08,19.0,92.7,64.1
2025-11-14 22:40:14,15.6,95.4,64.1
2025-11-14 22:40:20,17.7,95.4,64.1
2025-11-14 22:40:27,18.4,94.7,64.1
2025-11-14 22:40:33,15.5,94.5,64.1
2025-11-14 22:40:39,16.3,94.5,64.1
2025-11-14 22:40:45,16.0,94.5,64.1
2025-11-14 22:40:51,14.9,91.0,64.1
2025-11-14 22:40:57,14.8,90.9,64.1
2025-11-14 22:41:03,15.4,91.2,64.1
2025-11-14 22:41:09,16.3,91.2,64.1
2025-11-14 22:41:15,26.8,91.5,64.1
2025-11-14 22:41:21,16.2,91.5,64.1
2025-11-14 22:41:28,17.3,91.6,64.1
2025-11-14 22:41:34,19.2,92.1,64.1
2025-11-14 22:41:40,17.5,92.1,64.1
2025-11-14 22:41:46,18.3,92.1,64.1
2025-11-14 22:41:52,12.5,92.2,64.1
2025-11-14 22:41:58,11.7,92.2,64.1
2025-11-14 22:42:04,13.5,92.1,64.1
2025-11-14 22:42:10,12.4,92.3,64.1
2025-11-14 22:42:16,11.9,92.7,64.1
2025-11-14 22:42:22,21.9,94.2,64.1
2025-11-14 22:42:29,23.1,95.3,64.1
2025-11-14 22:42:35,14.4,95.9,64.1
2025-11-14 22:42:41,13.2,95.8,64.1
2025-11-14 22:42:47,14.0,96.0,64.1
2025-11-14 22:42:53,15.5,96.7,64.1
2025-11-14 22:42:59,13.8,96.9,64.1
2025-11-14 22:43:05,15.0,97.2,64.1
2025-11-14 22:43:11,14.4,97.3,64.1
2025-11-14 22:43:17,18.7,96.9,64.1
2025-11-14 22:43:23,26.5,97.2,64.1
2025-11-14 22:43:30,16.2,97.3,64.1
2025-11-14 22:43:36,16.2,97.1,64.1
2025-11-14 22:43:42,17.5,97.1,64.1
2025-11-14 22:43:48,18.9,97.1,64.1
2025-11-14 22:43:54,21.8,97.0,64.1
2025-11-14 22:44:00,18.7,97.0,64.1
2025-11-14 22:44:06,17.3,97.0,64.1
2025-11-14 22:44:12,16.0,96.9,64.1
2025-11-14 22:44:18,16.6,96.9,64.1
2025-11-14 22:44:25,16.8,96.9,64.1
2025-11-14 22:44:31,15.9,95.5,64.1
2025-11-14 22:44:37,17.0,95.4,64.1
2025-11-14 22:44:43,17.2,95.5,64.1
2025-11-14 22:44:49,16.7,95.4,64.1
2025-11-14 22:44:55,16.2,95.4,64.1
2025-11-14 22:45:01,17.0,95.4,64.1
2025-11-14 22:45:07,17.9,95.3,64.1
2025-11-14 22:45:13,17.0,95.4,64.1
2025-11-14 22:45:20,16.1,95.4,64.1
2025-11-14 22:45:26,15.7,95.5,64.1
2025-11-14 22:45:32,16.7,95.5,64.1
2025-11-14 22:45:38,18.5,95.7,64.1
2025-11-14 22:45:44,15.5,95.7,64.1
2025-11-14 22:45:50,17.9,95.8,64.1
2025-11-14 22:45:56,17.0,95.8,64.1
2025-11-14 22:46:02,23.2,95.8,64.1
2025-11-14 22:46:08,18.2,95.7,64.1
2025-11-14 22:46:14,16.9,95.7,64.1
2025-11-14 22:46:20,16.6,95.9,64.1
2025-11-14 22:46:27,14.8,95.8,64.1
2025-11-14 22:46:33,20.7,96.0,64.1
2025-11-14 22:46:39,15.8,96.1,64.1
2025-11-14 22:46:45,15.7,96.0,64.1
2025-11-14 22:46:51,16.1,96.0,64.1
2025-11-14 22:46:57,18.0,96.0,64.1
2025-11-14 22:47:03,18.4,96.0,64.1
2025-11-14 22:47:09,17.3,96.0,64.1
2025-11-14 22:47:15,15.4,96.0,64.1
2025-11-14 22:47:21,16.4,96.0,64.1
2025-11-14 22:47:27,25.0,96.4,64.1
2025-11-14 22:47:34,17.7,96.3,64.1
2025-11-14 22:47:40,15.8,96.1,64.1
2025-11-14 22:47:46,15.5,96.1,64.1
2025-11-14 22:47:52,17.7,96.1,64.1
2025-11-14 22:47:58,19.1,96.1,64.1
2025-11-14 22:48:04,18.9,96.0,64.1
2025-11-14 22:48:10,17.0,96.2,64.1
2025-11-14 22:48:16,19.6,96.6,64.1
2025-11-14 22:48:22,19.8,96.7,64.1
2025-11-14 22:48:28,17.1,97.0,64.1
2025-11-14 22:48:35,17.3,97.0,64.1
2025-11-14 22:48:41,22.4,97.3,64.1
2025-11-14 22:48:47,15.6,97.1,64.1
2025-11-14 22:48:53,18.1,97.3,64.1
2025-11-14 22:48:59,20.0,96.0,64.1
2025-11-14 22:49:05,18.2,96.0,64.1
2025-11-14 22:49:11,15.7,96.1,64.1
2025-11-14 22:49:17,16.3,96.2,64.1
2025-11-14 22:49:23,17.2,95.4,64.1
2025-11-14 22:49:29,13.5,93.7,64.1
2025-11-14 22:49:36,16.1,91.2,64.1
2025-11-14 22:49:42,15.2,91.0,64.1
2025-11-14 22:49:48,15.1,91.0,64.1
2025-11-14 22:49:54,15.7,90.9,64.1
2025-11-14 22:50:00,14.2,90.9,64.1
2025-11-14 22:50:06,15.4,90.8,64.1
2025-11-14 22:50:12,14.7,90.7,64.1
2025-11-14 22:50:18,15.0,91.5,64.1
2025-11-14 22:50:24,16.5,91.1,64.1
2025-11-14 22:50:30,18.9,91.0,64.1
2025-11-14 22:50:36,16.1,91.0,64.1
2025-11-14 22:50:43,15.8,91.1,64.1
2025-11-14 22:50:49,18.9,91.1,64.1
2025-11-14 22:50:55,15.6,91.2,64.1
2025-11-14 22:51:01,16.2,91.1,64.1
2025-11-14 22:51:07,16.4,91.0,64.1
2025-11-14 22:51:13,15.0,91.1,64.1
2025-11-14 22:51:19,20.4,91.0,64.1
2025-11-14 22:51:25,16.1,91.0,64.1
2025-11-14 22:51:31,15.8,91.0,64.1
2025-11-14 22:51:37,14.0,91.1,64.1
2025-11-14 22:51:43,14.7,91.1,64.1
2025-11-14 22:51:50,16.0,91.1,64.1
2025-11-14 22:51:56,17.6,91.1,64.1
2025-11-14 22:52:02,15.6,91.2,64.1
2025-11-14 22:52:08,16.1,91.1,64.1
2025-11-14 22:52:14,17.2,93.0,64.1
2025-11-14 22:52:20,9.4,94.2,64.3
2025-11-14 22:52:26,15.2,94.2,64.3
2025-11-14 22:52:32,17.4,95.2,64.3
2025-11-14 22:52:38,13.8,95.1,64.3
2025-11-14 22:52:45,17.7,95.7,64.3
2025-11-14 22:52:51,12.5,95.4,64.3
2025-11-14 22:52:57,20.4,95.7,64.3
2025-11-14 22:53:03,11.9,96.1,64.3
2025-11-14 22:53:09,13.4,96.1,64.3
2025-11-14 22:53:15,14.2,96.1,64.3
2025-11-14 22:53:21,15.9,96.4,64.3
2025-11-14 22:53:27,18.2,96.6,64.3
2025-11-14 22:53:33,16.4,96.9,64.3
2025-11-14 22:53:40,11.6,97.2,64.3
2025-11-14 22:53:46,11.7,97.4,64.3
2025-11-14 22:53:52,19.2,97.4,64.3
2025-11-14 22:53:58,20.4,97.4,64.3
2025-11-14 22:54:04,16.9,97.3,64.3
2025-11-14 22:54:10,18.9,97.0,64.3
2025-11-14 22:54:16,16.4,94.3,64.3
2025-11-14 22:54:22,16.9,94.1,64.3
2025-11-14 22:54:29,18.4,94.0,64.3
2025-11-14 22:54:35,17.7,92.5,64.3
2025-11-14 22:54:41,16.0,92.4,64.3
2025-11-14 22:54:47,17.7,92.5,64.3
2025-11-14 22:54:53,17.6,89.3,64.3
2025-11-14 22:54:59,16.4,89.3,64.3
2025-11-14 22:55:05,16.1,89.3,64.3
2025-11-14 22:55:11,15.8,89.3,64.3
2025-11-14 22:55:17,16.2,89.4,64.3
2025-11-14 22:55:23,17.4,89.3,64.3
2025-11-14 22:55:29,16.3,89.3,64.3
2025-11-14 22:55:36,18.4,89.3,64.3
2025-11-14 22:55:42,16.4,89.2,64.3
2025-11-14 22:55:48,16.8,89.3,64.3
2025-11-14 22:55:54,16.4,89.3,64.3
2025-11-14 22:56:00,17.2,89.3,64.3
2025-11-14 22:56:06,19.8,89.3,64.3
2025-11-14 22:56:12,15.6,89.6,64.3
2025-11-14 22:56:18,16.4,89.4,64.3
2025-11-14 22:56:24,18.2,89.6,64.3
2025-11-14 22:56:30,16.3,89.5,64.3
2025-11-14 22:56:36,15.9,89.5,64.3
2025-11-14 22:56:43,16.0,89.7,64.3
2025-11-14 22:56:49,16.2,89.7,64.3
2025-11-14 22:56:55,18.0,89.7,64.3
2025-11-14 22:57:01,17.6,89.7,64.3
2025-11-14 22:57:07,16.8,89.7,64.3
2025-11-14 22:57:13,15.8,89.7,64.3
2025-11-14 22:57:19,15.5,89.7,64.3
2025-11-14 22:57:25,17.6,89.7,64.3
2025-11-14 22:57:31,21.0,90.3,64.3
2025-11-14 22:57:37,17.2,90.0,64.3
2025-11-14 22:57:43,15.0,90.0,64.3
2025-11-14 22:57:50,15.8,90.0,64.3
2025-11-14 22:57:56,16.7,90.1,64.3
2025-11-14 22:58:02,16.4,90.1,64.3
2025-11-14 22:58:08,17.2,90.4,64.3
2025-11-14 22:58:14,21.2,90.4,64.3
2025-11-14 22:58:20,16.9,90.4,64.3
2025-11-14 22:58:26,16.3,90.3,64.3
2025-11-14 22:58:32,15.7,90.5,64.3
2025-11-14 22:58:38,16.6,90.8,64.3
2025-11-14 22:58:44,19.7,91.0,64.3
2025-11-14 22:58:51,16.6,91.0,64.3
2025-11-14 22:58:57,16.3,91.0,64.3
2025-11-14 22:59:03,18.0,91.1,64.3
2025-11-14 22:59:09,17.0,91.0,64.3
2025-11-14 22:59:15,16.5,90.8,64.3
2025-11-14 22:59:21,16.4,90.8,64.3
2025-11-14 22:59:27,17.3,90.9,64.3
2025-11-14 22:59:33,17.9,89.8,64.3
2025-11-14 22:59:39,16.1,89.8,64.3
2025-11-14 22:59:45,15.8,89.9,64.3
2025-11-14 22:59:52,15.4,90.5,64.3
2025-11-14 22:59:58,26.9,92.0,64.3
2025-11-14 23:00:04,19.1,92.6,64.3
2025-11-14 23:00:10,18.0,92.5,64.3
2025-11-14 23:00:16,17.2,93.0,64.3
2025-11-14 23:00:22,18.0,92.5,64.3
2025-11-14 23:00:28,16.7,92.3,64.3
2025-11-14 23:00:34,18.2,92.3,64.3
2025-11-14 23:00:40,21.5,93.0,64.3
2025-11-14 23:00:47,19.3,93.3,64.3
2025-11-14 23:00:53,22.3,93.6,64.3
2025-11-14 23:00:59,16.9,93.7,64.3
2025-11-14 23:01:05,15.5,93.7,64.3
2025-11-14 23:01:11,10.0,95.2,64.3
2025-11-14 23:01:17,7.8,95.5,64.3
2025-11-14 23:01:23,11.9,96.9,64.3
2025-11-14 23:01:29,10.9,96.9,64.3
2025-11-14 23:01:35,11.2,97.1,64.3
2025-11-14 23:01:41,12.4,97.3,64.3
2025-11-14 23:01:48,11.2,97.6,64.3
2025-11-14 23:01:54,12.1,97.8,64.3
2025-11-14 23:02:00,12.2,98.0,64.3
2025-11-14 23:02:06,9.8,98.0,64.4
2025-11-14 23:02:12,11.2,98.0,64.4
2025-11-14 23:02:18,11.5,98.2,64.4
2025-11-14 23:02:24,13.4,98.3,64.4
2025-11-14 23:02:30,11.3,98.2,64.4
2025-11-14 23:02:36,12.9,97.2,64.4
2025-11-14 23:02:42,11.1,97.8,64.4
2025-11-14 23:02:49,11.4,97.8,64.4
2025-11-14 23:02:55,11.8,95.5,64.4
2025-11-14 23:03:01,17.5,95.6,64.4
2025-11-14 23:03:07,12.2,95.7,64.4
2025-11-14 23:03:13,13.3,96.0,64.4
2025-11-14 23:03:19,12.1,95.9,64.4
2025-11-14 23:03:25,12.6,96.0,64.4
2025-11-14 23:03:31,17.7,96.3,64.4
2025-11-14 23:03:37,15.5,96.2,64.4
2025-11-14 23:03:44,12.7,96.4,64.4
2025-11-14 23:03:50,15.9,96.5,64.4
2025-11-14 23:03:56,13.2,96.7,64.4
2025-11-14 23:04:02,13.0,96.9,64.4
2025-11-14 23:04:08,14.8,97.1,64.4
2025-11-14 23:04:14,16.1,97.1,64.4
2025-11-14 23:04:20,17.9,97.1,64.4
2025-11-14 23:04:26,17.2,97.2,64.4
2025-11-14 23:04:32,17.5,96.3,64.4
2025-11-14 23:04:39,17.7,96.0,64.4
2025-11-14 23:04:45,17.9,96.1,64.4
2025-11-14 23:04:51,17.5,96.2,64.4
2025-11-14 23:04:57,16.5,96.1,64.4
2025-11-14 23:05:03,18.0,96.1,64.4
2025-11-14 23:05:09,19.9,96.1,64.4
2025-11-14 23:05:15,17.7,96.1,64.4
2025-11-14 23:05:21,16.1,96.2,64.4
2025-11-14 23:05:27,17.1,96.1,64.4
2025-11-14 23:05:33,16.0,96.6,64.4
2025-11-14 23:05:40,21.3,96.8,64.4
2025-11-14 23:05:46,17.8,96.9,64.4
2025-11-14 23:05:52,16.9,96.9,64.4
2025-11-14 23:05:58,17.2,96.8,64.4
2025-11-14 23:06:04,18.0,96.6,64.4
2025-11-14 23:06:10,17.3,96.2,64.4
2025-11-14 23:06:16,15.5,96.2,64.4
2025-11-14 23:06:22,17.5,96.2,64.4
2025-11-14 23:06:28,16.4,88.8,64.1
2025-11-14 23:06:34,16.0,89.6,64.1
2025-11-14 23:06:40,16.7,89.8,64.1
2025-11-14 23:06:47,15.7,89.2,64.1
2025-11-14 23:06:53,15.8,90.0,64.1
2025-11-14 23:06:59,21.1,90.5,64.1
2025-11-14 23:07:05,16.2,90.2,64.1
2025-11-14 23:07:11,17.4,90.6,64.1
2025-11-14 23:07:17,24.3,91.2,64.1
2025-11-14 23:07:23,11.6,91.3,64.1
2025-11-14 23:07:29,16.7,91.4,64.1
2025-11-14 23:07:35,23.1,92.4,64.1
2025-11-14 23:07:42,15.6,91.4,64.1
2025-11-14 23:07:48,18.4,90.9,64.1
2025-11-14 23:07:54,17.8,90.9,64.1
2025-11-14 23:08:00,16.5,90.9,64.1
2025-11-14 23:08:06,16.9,90.9,64.1
2025-11-14 23:08:12,16.8,91.3,64.1
2025-11-14 23:08:18,14.7,91.3,64.1
2025-11-14 23:08:24,17.4,91.4,64.1
2025-11-14 23:08:30,16.7,91.3,64.1
2025-11-14 23:08:37,15.5,91.3,64.1
2025-11-14 23:08:43,15.2,91.3,64.1
2025-11-14 23:08:49,17.8,91.2,64.1
2025-11-14 23:08:55,16.7,91.2,64.1
2025-11-14 23:09:01,17.7,91.0,64.1
2025-11-14 23:09:07,17.2,91.1,64.1
2025-11-14 23:09:13,16.3,90.9,64.1
2025-11-14 23:09:19,15.3,90.9,64.1
2025-11-14 23:09:25,19.6,91.0,64.1
2025-11-14 23:09:31,17.0,89.5,64.1
2025-11-14 23:09:38,16.3,87.5,64.1
2025-11-14 23:09:44,14.9,87.5,64.1
2025-11-14 23:09:50,17.0,87.5,64.1
2025-11-14 23:09:56,18.9,87.5,64.1
2025-11-14 23:10:02,17.1,87.5,64.1
2025-11-14 23:10:08,16.2,87.5,64.1
2025-11-14 23:10:14,16.4,87.5,64.1
2025-11-14 23:10:20,18.3,88.0,64.1
2025-11-14 23:10:26,16.2,87.5,64.1
2025-11-14 23:10:32,16.2,89.6,64.1
2025-11-14 23:10:38,13.7,91.0,64.1
2025-11-14 23:10:45,16.9,90.7,64.1
2025-11-14 23:10:51,15.5,90.5,64.1
2025-11-14 23:10:57,16.0,90.5,64.1
2025-11-14 23:11:03,15.3,90.4,64.1
2025-11-14 23:11:09,15.5,88.8,64.1
2025-11-14 23:11:15,21.8,92.2,64.1
2025-11-14 23:11:21,16.1,91.2,64.1
2025-11-14 23:11:27,16.3,91.3,64.1
2025-11-14 23:11:33,18.9,91.3,64.1
2025-11-14 23:11:39,15.7,91.3,64.1
2025-11-14 23:11:46,17.0,91.1,64.1
2025-11-14 23:11:52,19.1,91.9,64.1
2025-11-14 23:11:58,17.0,94.3,64.1
2025-11-14 23:12:04,21.8,90.4,64.1
2025-11-14 23:12:10,15.0,90.2,64.1
2025-11-14 23:12:16,16.2,89.3,64.1
2025-11-14 23:12:22,15.2,88.8,64.1
2025-11-14 23:12:28,21.7,90.0,64.1
2025-11-14 23:12:34,17.5,90.4,64.1
2025-11-14 23:12:40,17.5,90.3,64.1
2025-11-14 23:12:47,15.9,88.6,64.1
2025-11-14 23:12:53,16.5,88.5,64.1
2025-11-14 23:12:59,15.9,87.8,64.1
2025-11-14 23:13:05,15.5,87.8,64.1
2025-11-14 23:13:11,16.0,88.2,64.1
2025-11-14 23:13:17,17.4,88.1,64.1
2025-11-14 23:13:23,11.3,88.2,64.1
2025-11-14 23:13:29,10.5,88.4,64.1
2025-11-14 23:13:35,10.9,88.4,64.1
2025-11-14 23:13:41,11.0,88.6,64.1
2025-11-14 23:13:47,10.0,88.8,64.1
2025-11-14 23:13:54,11.3,87.2,64.1
2025-11-14 23:14:00,11.0,87.4,64.1
2025-11-14 23:14:06,11.4,87.8,64.1
2025-11-14 23:14:12,17.8,87.6,64.1
2025-11-14 23:14:18,11.9,87.6,64.1
2025-11-14 23:14:24,11.6,88.0,64.1
2025-11-14 23:14:30,9.9,88.6,64.1
2025-11-14 23:14:36,14.9,88.7,64.1
2025-11-14 23:14:42,16.6,90.0,64.1
2025-11-14 23:14:48,14.5,90.1,64.1
2025-11-14 23:14:55,16.5,90.0,64.1
2025-11-14 23:15:01,14.9,89.9,64.1
2025-11-14 23:15:07,15.9,89.9,64.1
2025-11-14 23:15:13,15.5,89.7,64.1
2025-11-14 23:15:19,16.4,89.4,64.1
2025-11-14 23:15:25,16.3,89.5,64.1
2025-11-14 23:15:31,17.9,89.8,64.1
2025-11-14 23:15:37,16.7,89.7,64.1
2025-11-14 23:15:43,14.8,89.8,64.1
2025-11-14 23:15:49,16.6,89.8,64.1
2025-11-14 23:15:55,16.0,89.4,64.1
2025-11-14 23:16:02,16.4,89.4,64.1
2025-11-14 23:16:08,16.6,89.4,64.1
2025-11-14 23:16:14,15.3,89.4,64.1
2025-11-14 23:16:20,20.5,89.4,64.1
2025-11-14 23:16:26,17.2,89.4,64.1
2025-11-14 23:16:32,14.6,89.4,64.1
2025-11-14 23:16:38,15.8,89.3,64.1
2025-11-14 23:16:44,15.8,89.3,64.1
2025-11-14 23:16:50,20.3,89.4,64.1
2025-11-14 23:16:56,16.5,89.3,64.1
2025-11-14 23:17:02,15.9,89.3,64.1
2025-11-14 23:17:09,15.8,89.3,64.1
2025-11-14 23:17:15,16.8,89.3,64.1
2025-11-14 23:17:21,17.0,89.3,64.1
2025-11-14 23:17:27,16.9,89.3,64.1
2025-11-14 23:17:33,17.3,89.3,64.1
2025-11-14 23:17:39,15.5,89.9,64.1
2025-11-14 23:17:45,15.5,89.5,64.1
2025-11-14 23:17:51,15.7,89.3,64.1
2025-11-14 23:17:57,16.5,89.2,64.1
2025-11-14 23:18:03,17.2,89.2,64.1
2025-11-14 23:18:09,15.8,89.3,64.1
2025-11-14 23:18:15,15.4,89.7,64.1
2025-11-14 23:18:22,15.1,89.5,64.1
2025-11-14 23:18:28,18.3,89.5,64.1
2025-11-14 23:18:34,15.2,89.5,64.1
2025-11-14 23:18:40,15.7,89.5,64.1
2025-11-14 23:18:46,15.2,89.5,64.1
2025-11-14 23:18:52,15.6,89.5,64.1
2025-11-14 23:18:58,21.0,89.5,64.1
2025-11-14 23:19:04,16.5,89.6,64.1
2025-11-14 23:19:10,18.6,89.6,64.1
2025-11-14 23:19:16,15.7,89.2,64.1
2025-11-14 23:19:22,15.5,89.1,64.1
2025-11-14 23:19:29,15.2,89.2,64.1
2025-11-14 23:19:35,17.8,87.9,64.1
2025-11-14 23:19:41,15.7,87.9,64.1
2025-11-14 23:19:47,16.4,87.8,64.1
2025-11-14 23:19:53,16.2,87.8,64.1
2025-11-14 23:19:59,16.9,87.8,64.1
2025-11-14 23:20:05,16.0,87.9,64.1
2025-11-14 23:20:11,15.9,87.8,64.1
2025-11-14 23:20:17,16.2,88.5,64.1
2025-11-14 23:20:23,16.2,88.0,64.1
2025-11-14 23:20:30,16.6,87.7,64.1
2025-11-14 23:20:36,15.6,87.7,64.1
2025-11-14 23:20:42,16.2,87.8,64.1
2025-11-14 23:20:48,16.7,87.8,64.1
2025-11-14 23:20:54,15.7,87.8,64.1
2025-11-14 23:21:00,15.9,87.8,64.1
2025-11-14 23:21:06,21.8,87.8,64.1
2025-11-14 23:21:12,17.2,87.8,64.1
2025-11-14 23:21:18,17.5,87.8,64.1
2025-11-14 23:21:24,16.7,88.1,64.1
2025-11-14 23:21:30,15.8,88.0,64.1
2025-11-14 23:21:37,17.1,88.1,64.1
2025-11-14 23:21:43,17.2,88.0,64.1
2025-11-14 23:21:49,20.8,87.9,64.1
2025-11-14 23:21:55,15.8,87.5,64.1
2025-11-14 23:22:01,17.5,87.6,64.1
2025-11-14 23:22:07,16.2,87.5,64.1
2025-11-14 23:22:13,16.1,87.5,64.1
2025-11-14 23:22:19,17.3,87.5,64.2
2025-11-14 23:22:25,17.9,87.6,64.2
2025-11-14 23:22:31,17.4,87.5,64.2
2025-11-14 23:22:37,15.4,87.8,64.2
2025-11-14 23:22:44,16.4,88.2,64.2
2025-11-14 23:22:50,12.5,88.0,64.2
2025-11-14 23:22:56,11.8,88.1,64.2
2025-11-14 23:23:02,12.7,88.3,64.2
2025-11-14 23:23:08,11.3,88.6,64.2
2025-11-14 23:23:14,13.1,88.9,64.2
2025-11-14 23:23:20,11.4,88.2,64.2
2025-11-14 23:23:26,14.3,88.2,64.2
2025-11-14 23:23:32,15.8,88.3,64.2
2025-11-14 23:23:38,14.7,88.3,64.2
2025-11-14 23:23:44,20.0,88.6,64.2
2025-11-14 23:23:51,15.1,88.9,64.2
2025-11-14 23:23:57,16.3,89.1,64.2
2025-11-14 23:24:03,15.7,89.3,64.2
2025-11-14 23:24:09,15.9,89.3,64.2
2025-11-14 23:24:15,15.1,89.3,64.2
2025-11-14 23:24:21,14.9,89.3,64.2
2025-11-14 23:24:27,16.8,89.2,64.2
2025-11-14 23:24:33,16.3,89.1,64.2
2025-11-14 23:24:39,16.0,88.2,64.2
2025-11-14 23:24:45,15.5,88.3,64.2
2025-11-14 23:24:51,15.9,91.8,64.2
2025-11-14 23:24:58,16.0,91.9,64.2
2025-11-14 23:25:04,16.1,91.8,64.2
2025-11-14 23:25:10,17.5,90.7,64.2
2025-11-14 23:30:17,99.8,94.0,64.2
2025-11-14 23:30:23,22.4,96.8,64.2
2025-11-14 23:30:30,13.6,95.1,64.2
2025-11-14 23:30:36,14.4,95.5,64.2
2025-11-14 23:30:42,16.8,96.2,64.2
2025-11-14 23:30:48,17.2,96.1,64.2
2025-11-14 23:30:54,23.4,96.1,64.2
2025-11-14 23:31:00,20.2,96.7,64.2
2025-11-14 23:31:06,16.4,96.5,64.2
2025-11-14 23:31:12,17.7,96.6,64.2
2025-11-14 23:31:18,18.0,96.3,64.2
2025-11-14 23:31:24,16.8,96.0,64.2
2025-11-14 23:31:30,20.7,94.9,64.2
2025-11-14 23:31:37,18.8,94.3,64.2
2025-11-14 23:31:43,16.6,94.2,64.2
2025-11-14 23:31:49,17.3,94.2,64.2
2025-11-14 23:31:55,18.0,94.2,64.2
2025-11-14 23:32:01,19.2,94.3,64.2
2025-11-14 23:32:07,16.9,94.3,64.2
2025-11-14 23:32:13,17.5,94.0,64.2
2025-11-14 23:32:19,17.2,93.9,64.2
2025-11-14 23:32:25,17.0,93.9,64.2
2025-11-14 23:32:31,16.2,94.1,64.2
2025-11-14 23:32:38,17.3,94.1,64.2
2025-11-14 23:32:44,16.1,95.1,64.2
2025-11-14 23:32:50,22.7,95.2,64.2
2025-11-14 23:32:56,17.8,94.9,64.2
2025-11-14 23:33:02,18.1,94.7,64.2
2025-11-14 23:33:08,17.4,94.9,64.2
2025-11-14 23:33:14,16.3,95.2,64.2
2025-11-14 23:33:20,17.6,94.7,64.2
2025-11-14 23:33:26,16.4,94.8,64.2
2025-11-14 23:33:32,16.8,94.9,64.2
2025-11-14 23:33:38,20.3,95.0,64.2
2025-11-14 23:33:45,17.1,95.0,64.2
2025-11-14 23:33:51,18.4,95.0,64.2
2025-11-14 23:33:57,15.7,95.0,64.2
2025-11-14 23:34:03,17.4,95.1,64.2
2025-11-14 23:34:09,23.4,95.2,64.2
2025-11-14 23:34:15,17.3,94.8,64.2
2025-11-14 23:34:21,16.1,94.7,64.2
2025-11-14 23:34:27,17.1,94.8,64.2
2025-11-14 23:34:33,17.7,94.5,64.2
2025-11-14 23:34:39,17.1,94.8,64.2
2025-11-14 23:34:46,16.0,94.7,64.2
2025-11-14 23:34:52,16.0,94.7,64.2
2025-11-14 23:34:58,20.0,94.8,64.2
2025-11-14 23:35:04,21.9,94.7,64.2
2025-11-14 23:35:10,16.6,94.6,64.2
2025-11-14 23:35:16,15.1,94.8,64.2
2025-11-14 23:35:22,14.3,95.0,64.2
2025-11-14 23:35:28,15.1,96.3,64.3
2025-11-14 23:35:34,16.8,96.8,64.3
2025-11-14 23:35:41,18.7,97.1,64.3
2025-11-14 23:35:47,13.4,97.4,64.3
2025-11-14 23:35:53,9.6,97.8,64.3
2025-11-14 23:35:59,11.9,97.2,64.3
2025-11-14 23:36:05,14.5,97.5,64.5
2025-11-14 23:36:11,13.0,96.9,64.5
2025-11-14 23:36:17,17.3,97.2,64.5
2025-11-14 23:36:24,14.3,93.7,64.5
2025-11-14 23:36:30,14.6,94.8,64.5
2025-11-14 23:36:36,12.5,94.9,64.5
2025-11-14 23:36:42,15.1,95.2,64.5
2025-11-14 23:36:48,14.4,95.4,64.5
2025-11-14 23:36:54,15.2,93.9,64.5
2025-11-14 23:37:00,14.2,91.6,64.5
2025-11-14 23:37:07,19.4,90.7,64.4
2025-11-14 23:37:13,17.9,91.5,64.5
2025-11-19 20:03:43,33.1,94.8,85.8
2025-11-19 20:03:51,53.6,95.4,85.8
2025-11-19 20:03:57,45.5,95.3,85.8
2025-11-19 20:04:03,36.3,95.1,85.8
2025-11-19 20:04:09,61.6,95.3,85.8
2025-11-19 20:04:15,31.1,95.3,85.8
2025-11-19 20:04:22,20.5,94.7,85.8
2025-11-19 20:04:28,40.0,94.4,85.8
2025-11-19 20:04:34,42.2,94.7,85.8
2025-11-19 20:04:40,33.4,94.6,85.8
2025-11-19 20:04:46,39.3,94.7,85.8
2025-11-19 20:04:52,45.6,94.7,85.8
2025-11-19 20:04:59,37.5,94.8,85.8
2025-11-19 20:05:05,46.5,95.1,85.8
2025-11-19 20:05:11,46.7,95.1,85.8
2025-11-19 20:05:17,43.9,95.3,85.8
2025-11-19 20:05:23,46.9,93.8,85.8
2025-11-19 20:05:29,32.8,92.5,85.8
2025-11-19 20:05:35,27.4,92.1,85.8
2025-11-19 20:05:42,30.1,91.9,85.8
2025-11-19 20:05:48,25.6,91.8,85.8
2025-11-19 20:05:54,40.0,92.5,85.8
2025-11-19 20:06:00,23.4,92.6,85.8
2025-11-19 20:06:06,29.2,92.5,85.8
2025-11-19 20:06:12,24.3,92.5,85.8
2025-11-19 20:06:18,29.9,92.6,85.8
2025-11-19 20:06:24,47.8,93.3,85.8
2025-11-19 20:06:30,24.3,93.7,85.8
2025-11-19 20:06:37,24.6,93.2,85.8
2025-11-19 20:06:43,38.6,94.1,85.8
2025-11-19 20:06:49,43.7,93.9,85.9
2025-11-19 20:06:55,45.0,94.8,85.9
2025-11-19 20:07:01,43.9,94.2,85.9
2025-11-19 20:07:07,37.6,94.1,85.8
2025-11-19 20:07:13,39.7,93.8,85.8
2025-11-19 20:07:20,31.3,94.0,85.8
2025-11-19 20:07:26,30.7,93.6,85.8
2025-11-19 20:07:32,28.1,93.5,85.8
2025-11-19 20:07:38,35.0,93.5,85.8
2025-11-19 20:07:44,31.3,93.5,85.8
2025-11-19 20:07:50,31.0,93.4,85.8
2025-11-19 20:07:56,31.3,93.7,85.8
2025-11-19 20:08:03,27.2,93.5,85.8
2025-11-19 20:08:09,16.7,93.6,85.8
2025-11-19 20:08:15,30.1,93.9,85.8
2025-11-19 20:08:21,17.7,93.9,85.9
2025-11-19 20:08:27,45.4,91.6,85.9
2025-11-19 20:08:33,28.4,90.7,85.9
2025-11-19 20:08:39,35.2,91.5,85.9
2025-11-19 20:08:45,43.2,91.9,85.9
2025-11-19 20:08:52,39.3,92.1,85.9
2025-11-19 20:08:58,44.6,91.8,85.9
2025-11-19 20:09:04,19.9,91.9,85.9
2025-11-19 20:09:10,27.8,92.0,85.9
2025-11-19 20:09:16,35.0,92.4,85.9
2025-11-19 20:09:22,27.0,92.7,85.9
2025-11-19 20:09:29,29.3,92.7,85.9
2025-11-19 20:09:35,47.5,94.2,85.9
2025-11-19 20:09:41,18.7,94.0,85.9
2025-11-19 20:09:47,43.1,94.2,85.9
2025-11-19 20:09:53,36.1,94.4,85.9
2025-11-19 20:09:59,15.6,94.4,85.9
2025-11-19 20:10:05,24.4,94.7,85.8
2025-11-19 20:10:11,34.4,94.3,85.8
2025-11-19 20:10:17,24.0,94.4,85.8
2025-11-19 20:10:23,36.5,94.5,85.9
2025-11-19 20:10:30,45.0,95.0,85.8
2025-11-19 20:10:36,20.6,95.1,85.8
2025-11-19 20:10:42,40.8,94.4,85.8
2025-11-19 20:10:48,24.7,94.4,85.8
2025-11-19 20:10:54,23.9,93.9,85.8
2025-11-19 20:11:00,80.9,96.2,85.8
2025-11-19 20:11:06,40.6,95.4,85.8
2025-11-19 20:11:12,58.6,94.7,85.8
2025-11-19 20:11:18,34.0,95.0,85.8
2025-11-19 20:11:25,46.4,95.6,85.8
2025-11-19 20:11:31,33.1,95.6,85.8
2025-11-19 20:11:37,26.3,93.5,85.8
2025-11-19 20:11:43,40.2,93.5,85.8
2025-11-19 20:11:49,32.4,94.4,85.8
2025-11-19 20:11:55,27.0,93.5,85.8
2025-11-19 20:12:01,17.8,92.8,85.9
2025-11-19 20:12:07,21.7,92.9,85.9
2025-11-19 20:12:13,20.7,92.9,85.9
2025-11-19 20:12:20,30.4,92.9,85.9
2025-11-19 20:12:26,24.0,92.9,85.9
2025-11-19 20:12:32,41.7,94.2,85.9
2025-11-19 20:12:38,41.7,94.8,85.9
2025-11-19 20:12:44,25.2,93.4,85.9
2025-11-19 20:12:50,30.9,93.0,85.9
2025-11-19 20:12:56,20.2,92.6,85.9
2025-11-19 20:13:02,39.8,92.9,85.9
2025-11-19 20:13:09,29.5,93.5,85.9
2025-11-19 20:13:15,32.8,93.3,85.9
2025-11-19 20:13:21,34.4,93.2,85.9
2025-11-19 20:13:27,56.3,91.7,85.9
2025-11-19 20:13:33,27.0,88.8,85.9
2025-11-19 20:13:39,45.4,88.1,85.9
2025-11-19 20:13:45,25.4,88.3,85.9
2025-11-19 20:13:51,29.0,87.4,85.9
2025-11-19 20:13:57,27.0,87.4,85.9
2025-11-19 20:14:03,29.4,88.0,85.9
2025-11-19 20:14:10,22.3,87.8,85.9
2025-11-19 20:14:16,29.0,87.8,85.9
2025-11-19 20:14:22,29.0,88.1,85.9
2025-11-19 20:14:28,35.3,88.2,85.9
2025-11-19 20:14:34,30.9,88.7,85.9
2025-11-19 20:14:40,24.1,88.8,85.9
2025-11-19 20:14:46,27.8,89.2,85.9
2025-11-19 20:14:52,32.8,89.3,85.9
2025-11-19 20:14:58,18.3,89.2,85.9
2025-11-19 20:15:05,23.0,89.3,85.9
2025-11-19 20:15:11,20.9,89.2,85.9
2025-11-19 20:15:17,31.0,90.1,85.9
2025-11-19 20:15:23,36.7,90.6,85.9
2025-11-19 20:15:29,44.9,89.6,85.9
2025-11-19 20:15:35,28.1,90.3,85.9
2025-11-19 20:15:41,31.2,90.1,85.9
2025-11-19 20:15:48,40.5,90.5,85.9
2025-11-19 20:15:54,29.4,90.4,85.9
2025-11-19 20:16:00,33.2,90.3,85.9
2025-11-19 20:16:06,40.1,90.0,85.9
2025-11-19 20:16:12,18.9,90.5,85.9
2025-11-19 20:16:18,36.9,90.8,85.9
2025-11-19 20:16:24,40.4,90.7,85.9
2025-11-19 20:16:31,34.2,89.5,85.9
2025-11-19 20:16:37,44.4,89.8,85.9
2025-11-19 20:16:43,41.0,89.6,85.9
2025-11-19 20:16:49,32.9,89.9,85.9
2025-11-19 20:16:55,39.7,90.2,85.9
2025-11-19 20:17:01,35.8,90.4,86.0
2025-11-19 20:17:07,45.8,90.2,86.0
2025-11-19 20:17:14,29.7,90.8,86.0
2025-11-19 20:17:20,32.8,90.5,86.0
2025-11-19 20:17:26,35.0,90.1,86.0
2025-11-19 20:17:32,36.9,90.1,86.0
2025-11-19 20:17:39,78.8,92.7,86.0
2025-11-19 20:17:45,69.0,94.2,86.0
2025-11-19 20:17:51,61.1,95.1,85.9
2025-11-19 20:17:57,40.2,94.1,85.9
2025-11-19 20:18:03,83.5,92.9,85.9
2025-11-19 20:18:10,32.5,92.1,85.9
2025-11-19 20:18:16,35.5,91.5,85.9
2025-11-19 20:18:22,36.8,90.9,85.9
2025-11-19 20:18:28,39.9,89.3,85.9
2025-11-19 20:18:34,34.6,89.0,85.9
2025-11-19 20:18:40,29.7,89.0,85.9
2025-11-19 20:18:46,35.9,89.0,85.9
2025-11-19 20:18:53,36.2,88.9,85.9
2025-11-19 20:18:59,33.2,89.0,85.9
2025-11-19 20:19:05,31.1,88.9,85.9
2025-11-19 20:19:11,32.6,88.9,85.9
2025-11-19 20:19:17,34.1,89.0,85.9
2025-11-19 20:19:24,29.3,88.5,85.9
2025-11-19 20:19:30,25.4,88.5,85.9
2025-11-19 20:19:36,31.7,88.5,85.9
2025-11-19 20:19:42,34.0,88.5,85.9
2025-11-19 20:19:48,38.7,88.3,85.9
2025-11-19 20:19:54,31.6,88.0,86.0
2025-11-19 20:20:00,33.2,87.9,86.0
2025-11-19 20:20:07,43.3,88.4,86.0
2025-11-19 20:20:13,34.3,88.5,86.0
2025-11-19 20:20:19,31.0,88.3,86.0
2025-11-19 20:20:25,27.6,88.3,86.0
2025-11-19 20:20:31,32.2,88.3,86.0
2025-11-19 20:20:38,35.8,88.4,86.0
2025-11-19 20:20:44,35.1,88.3,86.0
2025-11-19 20:20:50,31.0,88.4,86.0
2025-11-19 20:20:56,33.4,88.3,86.0
2025-11-19 20:21:02,41.7,88.4,86.0
2025-11-19 20:21:08,32.2,88.4,86.0
2025-11-19 20:21:14,36.5,88.5,86.0
2025-11-19 20:21:21,27.5,88.4,86.0
2025-11-19 20:21:27,31.4,88.8,86.0
2025-11-19 20:21:33,34.7,88.8,86.0
2025-11-19 20:21:39,33.4,88.7,86.0
2025-11-19 20:21:45,24.3,88.8,86.0
2025-11-19 20:21:51,33.2,88.7,86.0
2025-11-19 20:21:57,34.7,88.7,86.0
2025-11-19 20:22:03,41.9,88.7,86.0
2025-11-19 20:22:10,26.8,88.7,86.0
2025-11-19 20:22:16,30.1,88.8,86.0
2025-11-19 20:22:22,33.2,88.8,86.0
2025-11-19 20:22:28,32.2,88.5,86.0
2025-11-19 20:22:34,28.6,88.4,86.0
2025-11-19 20:22:40,29.1,88.4,86.0
2025-11-19 20:22:46,34.2,88.5,86.0
2025-11-19 20:22:52,31.4,88.5,86.0
2025-11-19 20:22:59,37.0,88.5,86.0
2025-11-19 20:23:05,35.4,88.6,86.0
2025-11-19 20:23:11,29.9,88.6,86.0
2025-11-19 20:23:17,26.6,88.6,86.0
2025-11-19 20:23:23,32.4,88.6,86.0
2025-11-19 20:23:29,47.5,87.0,86.0
2025-11-19 20:23:35,28.7,87.0,86.0
2025-11-19 20:23:42,28.7,87.0,86.0
2025-11-19 20:23:48,24.6,87.0,86.0
2025-11-19 20:23:54,31.4,87.0,86.0
2025-11-19 20:24:00,30.4,87.1,86.0
2025-11-19 20:24:06,28.5,87.1,86.0
2025-11-19 20:24:12,29.3,87.1,86.0
2025-11-19 20:24:18,28.6,87.1,86.0
2025-11-19 20:24:24,29.1,87.1,86.1
2025-11-19 20:24:30,29.7,87.1,86.1
2025-11-19 20:24:37,25.0,87.1,86.1
2025-11-19 20:24:43,33.1,87.1,86.1
2025-11-19 20:24:49,38.8,87.1,86.1
2025-11-19 20:24:55,35.4,87.5,86.1
2025-11-19 20:25:01,38.6,88.4,86.1
2025-11-19 20:25:07,33.0,88.5,86.1
2025-11-19 20:25:14,30.9,88.4,86.1
2025-11-19 20:25:20,42.4,88.3,86.1
2025-11-19 20:25:26,41.8,88.2,86.1
2025-11-19 20:25:32,33.3,88.1,86.1
2025-11-19 20:25:38,23.6,88.3,86.1
2025-11-19 20:25:44,24.5,88.1,86.1
2025-11-19 20:25:51,24.4,88.1,86.1
2025-11-19 20:25:57,24.3,88.1,86.1
2025-11-19 20:26:03,27.3,88.2,86.1
2025-11-19 20:26:09,43.4,88.6,86.1
2025-11-19 20:26:15,37.8,88.7,86.1
2025-11-19 20:26:21,29.2,88.4,86.1
2025-11-19 20:26:27,37.3,88.9,86.1
2025-11-19 20:26:34,60.5,89.8,86.1
2025-11-19 20:26:40,35.3,90.4,86.1
2025-11-19 20:26:46,23.6,90.4,86.1
2025-11-19 20:26:52,27.9,89.3,86.1
2025-11-19 20:26:58,33.3,89.4,86.1
2025-11-19 20:27:04,33.0,89.5,86.1
2025-11-19 20:27:10,37.6,89.5,86.1
2025-11-19 20:27:16,35.4,89.4,86.1
2025-11-19 20:27:23,60.7,89.5,86.1
2025-11-19 20:27:29,45.8,89.4,86.1
2025-11-19 20:27:35,35.1,89.3,86.1
2025-11-19 20:27:41,27.4,89.3,86.1
2025-11-19 20:27:47,38.3,89.6,86.1
2025-11-19 20:27:53,44.6,89.5,86.1
2025-11-19 20:27:59,34.0,89.2,86.1
2025-11-19 20:28:06,61.4,89.1,86.1
2025-11-19 20:28:12,35.8,89.0,86.1
2025-11-19 20:28:18,23.4,88.7,86.1
2025-11-19 20:28:24,35.1,88.7,86.1
2025-11-19 20:28:30,49.3,88.2,86.1
2025-11-19 20:28:37,65.1,88.2,86.2
2025-11-19 20:28:43,52.1,88.6,86.2
2025-11-19 20:28:49,51.8,87.9,86.2
2025-11-19 20:28:55,46.8,88.2,86.2
2025-11-19 20:29:01,60.5,88.3,86.2
2025-11-19 20:29:07,73.7,89.3,86.2
2025-11-19 20:29:14,68.5,89.7,86.2
2025-11-19 20:29:20,69.9,84.5,86.2
2025-11-19 20:29:26,46.7,83.9,86.2
2025-11-19 20:29:32,44.2,84.3,86.2
2025-11-19 20:29:38,47.2,84.7,86.2
2025-11-19 20:29:44,42.4,85.2,86.2
2025-11-19 20:29:51,39.7,85.7,86.2
2025-11-19 20:29:57,41.1,85.2,86.2
2025-11-19 20:30:03,35.9,84.3,86.2
2025-11-19 20:30:09,60.2,84.3,86.2
2025-11-19 20:30:15,30.2,84.2,86.2
2025-11-19 20:30:22,29.8,84.1,86.2
2025-11-19 20:30:28,27.6,84.1,86.2
2025-11-19 20:30:34,26.6,83.8,86.2
2025-11-19 20:30:40,36.9,83.9,86.2
2025-11-19 20:30:46,24.9,84.1,86.2
2025-11-19 20:30:52,62.8,84.7,86.2
2025-11-19 20:30:58,40.2,85.5,86.2
2025-11-19 20:31:04,45.5,86.0,86.2
2025-11-19 20:31:11,40.1,85.7,86.2
2025-11-19 20:31:17,36.9,85.6,86.2
2025-11-19 20:31:23,52.6,86.2,86.2
2025-11-19 20:31:29,38.2,87.0,86.2
2025-11-19 20:31:35,30.5,86.9,86.2
2025-11-19 20:31:41,36.1,87.0,86.2
2025-11-19 20:31:47,51.8,86.8,86.2
2025-11-19 20:31:54,34.6,87.0,86.2
2025-11-19 20:32:00,70.4,87.4,86.2
2025-11-19 20:32:06,47.6,87.8,86.2
2025-11-19 20:32:12,42.4,88.0,86.2
2025-11-19 20:32:18,43.9,87.8,86.2
2025-11-19 20:32:24,33.4,87.7,86.2
2025-11-19 20:32:31,39.7,87.4,86.2
2025-11-19 20:32:37,43.5,87.5,86.2
2025-11-19 20:32:43,62.0,88.1,86.2
2025-11-19 20:32:49,63.2,88.5,86.2
2025-11-19 20:32:55,46.4,88.2,86.2
2025-11-19 20:33:01,42.4,88.2,86.2
2025-11-19 20:33:08,38.2,88.0,86.2
2025-11-19 20:33:14,45.4,88.1,86.2
2025-11-19 20:33:20,44.1,88.2,86.2
2025-11-19 20:33:26,32.1,88.4,86.2
2025-11-19 20:33:32,29.4,86.6,86.2
2025-11-19 20:33:38,43.6,86.5,86.2
2025-11-19 20:33:44,31.6,86.0,86.2
2025-11-19 20:33:51,29.2,86.0,86.2
2025-11-19 20:33:57,31.2,86.4,86.2
2025-11-19 20:34:03,26.5,86.4,86.2
2025-11-19 20:34:09,26.8,86.4,86.2
2025-11-19 20:34:15,37.3,86.1,86.2
2025-11-19 20:34:21,38.1,86.1,86.2
2025-11-19 20:34:27,26.6,86.1,86.2
2025-11-19 20:34:34,27.3,86.1,86.2
2025-11-19 20:34:40,30.4,86.0,86.2
2025-11-19 20:34:46,31.4,86.1,86.2
2025-11-19 20:34:52,29.1,86.0,86.2
2025-11-19 20:34:58,30.7,86.1,86.3
2025-11-19 20:35:04,25.4,86.1,86.3
2025-11-19 20:35:10,30.0,86.1,86.3
2025-11-19 20:35:17,33.8,86.2,86.3
2025-11-19 20:35:23,30.1,86.3,86.3
2025-11-19 20:35:29,28.6,86.2,86.3
2025-11-19 20:35:35,28.9,86.4,86.3
2025-11-19 20:35:41,31.6,86.5,86.3
2025-11-19 20:35:47,26.6,86.4,86.3
2025-11-19 20:35:53,33.9,86.2,86.3
2025-11-19 20:36:00,29.1,86.1,86.3
2025-11-19 20:36:06,36.0,86.1,86.3
2025-11-19 20:36:12,61.2,86.5,86.3
2025-11-19 20:36:18,59.2,86.6,86.3
2025-11-19 20:36:24,55.1,86.8,86.3
2025-11-19 20:36:30,69.9,87.5,86.3
2025-11-19 20:36:36,29.6,88.1,86.3
2025-11-19 20:36:43,49.2,87.8,86.3
2025-11-19 20:36:49,42.2,87.1,86.3
2025-11-19 20:36:55,42.3,86.9,86.3
2025-11-19 20:37:01,35.7,86.7,86.3
2025-11-19 20:37:07,27.7,86.6,86.3
2025-11-19 20:37:13,71.1,87.6,86.3
2025-11-19 20:37:19,37.4,87.3,86.3
2025-11-19 20:37:25,67.1,87.4,86.3
2025-11-19 20:37:32,59.0,87.5,86.3
2025-11-19 20:37:38,35.6,87.2,86.3
2025-11-19 20:37:44,40.6,87.3,86.3
2025-11-19 20:37:50,27.2,87.3,86.3
2025-11-19 20:37:56,35.2,87.0,86.3
2025-11-19 20:38:02,29.0,86.2,86.3
2025-11-19 20:38:08,38.1,86.2,86.3
2025-11-19 20:38:14,39.7,87.1,86.3
2025-11-19 20:38:21,46.0,87.2,86.3
2025-11-19 20:38:27,34.0,87.3,86.3
2025-11-19 20:38:33,43.9,87.0,86.3
2025-11-19 20:38:39,40.9,87.1,86.3
2025-11-19 20:38:45,49.1,87.8,86.3
2025-11-19 20:38:51,58.0,88.3,86.3
2025-11-19 20:38:58,45.0,87.5,86.3
2025-11-19 20:39:04,55.0,87.7,86.3
2025-11-19 20:39:10,41.4,87.2,86.3
2025-11-19 20:39:16,57.7,87.5,86.3
2025-11-19 20:39:22,37.2,86.8,86.3
2025-11-19 20:39:28,37.8,86.8,86.3
2025-11-19 20:39:34,36.0,87.4,86.3
2025-11-19 20:39:40,47.5,87.2,86.3
2025-11-19 20:39:47,39.0,87.3,86.3
2025-11-19 20:39:53,30.7,87.1,86.3
2025-11-19 20:39:59,41.4,87.1,86.3
2025-11-19 20:40:05,59.1,87.9,86.3
2025-11-19 20:40:11,67.2,88.3,86.3
2025-11-19 20:40:17,68.9,88.6,86.3
2025-11-19 20:40:24,46.6,88.3,86.3
2025-11-19 20:40:30,60.3,88.4,86.3
2025-11-19 20:40:36,44.4,88.2,86.3
2025-11-19 20:40:42,63.2,88.5,86.3
2025-11-19 20:40:48,58.3,88.9,86.3
2025-11-19 20:40:54,43.5,88.4,86.3
2025-11-19 20:41:01,44.5,87.9,86.3
2025-11-19 20:41:07,40.7,87.7,86.3
2025-11-19 20:41:13,51.0,87.3,86.3
2025-11-19 20:41:19,50.9,87.5,86.3
2025-11-19 20:41:25,41.9,87.5,86.3
2025-11-19 20:41:31,30.1,87.6,86.3
2025-11-19 20:41:38,34.3,87.7,86.3
2025-11-19 20:41:44,31.6,87.6,86.3
2025-11-19 20:41:50,31.6,87.6,86.4
2025-11-19 20:41:56,36.8,87.8,86.4
2025-11-19 20:42:02,40.0,87.8,86.4
2025-11-19 20:42:08,36.7,87.3,86.4
2025-11-19 20:42:14,44.1,87.5,86.4
2025-11-19 20:42:21,47.0,88.3,86.4
2025-11-19 20:42:27,49.0,88.6,86.4
2025-11-19 20:42:33,61.2,88.5,86.4
2025-11-19 20:42:39,46.3,88.2,86.4
2025-11-19 20:42:45,56.1,88.3,86.4
2025-11-19 20:42:51,50.3,88.5,86.4
2025-11-19 20:42:58,63.0,88.9,86.4
2025-11-19 20:43:04,48.0,89.1,86.3
2025-11-19 20:43:10,29.4,87.7,86.3
2025-11-19 20:43:16,44.5,87.4,86.3
2025-11-19 20:43:22,29.1,87.4,86.3
2025-11-19 20:43:28,24.8,87.1,86.3
2025-11-19 20:43:35,26.3,86.6,86.3
2025-11-19 20:43:41,42.4,86.9,86.3
2025-11-19 20:43:47,50.4,87.3,86.3
2025-11-19 20:43:53,30.3,87.5,86.3
2025-11-19 20:43:59,29.5,87.2,86.3
2025-11-19 20:44:05,24.9,87.1,86.3
2025-11-19 20:44:11,20.7,86.8,86.3
2025-11-19 20:44:18,36.3,87.1,86.3
2025-11-19 20:44:24,30.3,87.1,86.3
2025-11-19 20:44:30,26.3,87.1,86.3
2025-11-19 20:44:36,19.9,87.1,86.3
2025-11-19 20:44:42,44.5,88.2,86.3
2025-11-19 20:44:48,27.3,88.2,86.3
2025-11-19 20:44:54,45.9,88.1,86.3
2025-11-19 20:45:01,40.5,88.1,86.3
2025-11-19 20:45:07,29.2,88.1,86.3
2025-11-19 20:45:13,31.8,88.1,86.3
2025-11-19 20:45:19,27.6,88.2,86.3
2025-11-19 20:45:25,21.4,87.6,86.3
2025-11-19 20:45:31,34.3,87.6,86.3
2025-11-19 20:45:37,29.6,87.5,86.3
2025-11-19 20:45:44,46.5,88.2,86.3
2025-11-19 20:45:50,25.0,88.3,86.3
2025-11-19 20:45:56,32.0,88.4,86.3
2025-11-19 20:46:02,37.6,88.2,86.3
2025-11-19 20:46:08,19.5,88.1,86.3
2025-11-19 20:46:14,26.5,87.7,86.3
2025-11-19 20:46:20,25.0,87.8,86.3
2025-11-19 20:46:27,28.2,88.1,86.3
2025-11-19 20:46:33,35.4,88.0,86.3
2025-11-19 20:46:39,25.1,88.1,86.3
2025-11-19 20:46:45,16.9,88.2,86.3
2025-11-19 20:46:51,27.8,88.0,86.3
2025-11-19 20:46:57,28.4,88.0,86.3
2025-11-19 20:47:03,19.8,88.0,86.3
2025-11-19 20:47:09,28.5,88.0,86.3
2025-11-19 20:47:16,19.2,88.0,86.3
2025-11-19 20:47:22,28.5,88.0,86.3
2025-11-19 20:47:28,22.4,87.8,86.3
2025-11-19 20:47:34,27.5,87.8,86.3
2025-11-19 20:47:40,37.5,87.9,86.3
2025-11-19 20:47:46,29.2,87.8,86.3
2025-11-19 20:47:52,31.1,87.6,86.3
2025-11-19 20:47:58,23.6,87.3,86.3
2025-11-19 20:48:04,20.1,87.3,86.3
2025-11-19 20:48:11,27.8,87.4,86.3
2025-11-19 20:48:17,34.9,87.5,86.3
2025-11-19 20:48:23,26.3,87.5,86.3
2025-11-19 20:48:29,28.2,87.4,86.3
2025-11-19 20:48:35,26.4,86.5,86.3
2025-11-19 20:48:41,26.8,86.7,86.3
2025-11-19 20:48:47,27.5,86.7,86.3
2025-11-19 20:48:53,29.0,86.7,86.3
2025-11-19 20:49:00,29.4,87.1,86.3
2025-11-19 20:49:06,33.8,87.1,86.3
2025-11-19 20:49:12,29.9,87.1,86.3
2025-11-19 20:49:18,28.0,87.1,86.3
2025-11-19 20:49:24,25.5,86.5,86.3
2025-11-19 20:49:30,25.6,86.5,86.3
2025-11-19 20:49:36,26.8,86.5,86.3
2025-11-19 20:49:43,31.3,86.4,86.3
2025-11-19 20:49:49,27.4,86.5,86.3
2025-11-19 20:49:55,24.5,86.6,86.3
2025-11-19 20:50:01,28.9,86.5,86.3
2025-11-19 20:50:07,39.7,86.4,86.3
2025-11-19 20:50:13,29.3,86.2,86.3
2025-11-19 20:50:19,20.2,86.3,86.3
2025-11-19 20:50:25,49.6,87.3,86.3
2025-11-19 20:50:32,47.6,91.6,88.1
2025-11-19 20:50:38,46.9,92.3,88.1
2025-11-19 20:50:44,38.0,91.7,88.1
2025-11-19 20:50:50,38.4,91.0,88.1
2025-11-19 20:50:56,45.6,90.5,88.1
2025-11-19 20:51:03,52.7,91.1,88.1
2025-11-19 20:51:09,30.2,90.8,88.1
2025-11-19 20:51:15,33.8,89.3,88.1
2025-11-19 20:51:21,30.4,88.9,88.1
2025-11-19 20:51:27,48.3,89.8,88.1
2025-11-19 20:51:33,25.1,89.7,88.1
2025-11-19 20:51:39,30.0,87.7,88.1
2025-11-19 20:51:45,28.2,87.8,88.1
2025-11-19 20:51:52,39.7,88.8,88.1
2025-11-19 20:51:58,44.7,88.8,88.1
2025-11-19 20:52:04,39.5,89.1,88.1
2025-11-19 20:52:10,40.0,89.3,88.1
2025-11-19 20:52:16,23.9,89.7,88.1
2025-11-19 20:52:22,25.1,89.0,88.1
2025-11-19 20:52:29,38.6,88.8,88.1
2025-11-19 20:52:35,47.8,88.6,88.1
2025-11-19 20:52:41,30.2,88.9,88.1
2025-11-19 20:52:47,32.5,88.6,88.1
2025-11-19 20:52:53,33.8,88.8,88.1
2025-11-19 20:52:59,32.4,88.9,88.1
2025-11-19 20:53:06,39.5,89.1,88.1
2025-11-19 20:53:12,45.4,89.2,88.1
2025-11-19 20:53:18,41.2,89.7,88.1
2025-11-19 20:53:24,42.7,90.4,88.1
2025-11-19 20:53:30,46.2,90.8,88.1
2025-11-19 20:53:37,63.5,93.4,88.1
2025-11-19 20:53:43,38.0,93.4,88.0
2025-11-19 20:53:49,32.8,90.7,88.0
2025-11-19 20:53:55,34.6,90.6,88.0
2025-11-19 20:54:02,26.8,90.5,88.0
2025-11-19 20:54:08,28.3,90.2,88.0
2025-11-19 20:54:14,30.9,90.1,88.0
2025-11-19 20:54:20,29.7,90.0,88.0
2025-11-19 20:54:26,33.8,90.1,88.0
2025-11-19 20:54:32,25.3,89.5,88.0
2025-11-19 20:54:38,26.0,88.4,88.0
2025-11-19 20:54:44,56.2,90.0,88.0
2025-11-19 20:54:51,32.6,89.4,88.0
2025-11-19 20:54:57,16.7,89.2,88.0
2025-11-19 20:55:03,13.4,88.6,88.0
2025-11-19 20:55:09,8.8,88.4,88.0
2025-11-19 20:55:15,10.6,88.4,88.0
2025-11-19 20:55:21,21.0,88.7,88.0
2025-11-19 20:55:27,13.6,88.5,88.0
2025-11-19 20:55:33,34.2,88.6,88.0
2025-11-19 20:55:39,22.4,88.6,88.0
2025-11-19 20:55:45,64.1,89.0,88.0
2025-11-19 20:55:51,22.4,89.1,88.0
2025-11-19 20:55:58,19.3,89.2,88.0
2025-11-19 20:56:04,15.3,89.0,88.0
2025-11-19 20:56:10,19.8,89.1,88.0
2025-11-19 20:56:16,27.6,89.5,88.0
2025-11-19 20:56:22,18.4,89.9,88.0
2025-11-19 20:56:28,33.0,89.9,88.0
2025-11-19 20:56:34,45.9,90.2,88.0
2025-11-19 20:56:40,27.2,89.7,88.0
2025-11-19 20:56:46,23.8,90.2,88.0
2025-11-19 20:56:52,19.9,90.1,88.0
2025-11-19 20:56:58,32.8,90.0,88.0
2025-11-19 20:57:04,21.3,90.0,88.0
2025-11-19 20:57:11,14.7,90.1,88.0
2025-11-19 20:57:17,18.5,89.9,88.0
2025-11-19 20:57:23,18.6,90.1,88.0
2025-11-19 20:57:29,13.1,90.2,88.0
2025-11-19 20:57:35,8.0,89.5,88.0
2025-11-19 20:57:41,19.6,89.4,88.0
2025-11-19 20:57:47,17.7,89.5,88.0
2025-11-19 20:57:53,26.8,89.7,88.0
2025-11-19 20:57:59,20.1,89.5,88.0
2025-11-19 20:58:05,12.6,89.6,88.0
2025-11-19 20:58:11,12.7,89.4,87.7
2025-11-19 20:58:17,17.0,89.7,87.7
2025-11-19 20:58:23,15.4,90.2,87.7
2025-11-19 20:58:29,9.7,90.1,87.7
2025-11-19 20:58:35,20.2,89.8,87.7
2025-11-19 20:58:42,19.1,89.5,87.7
2025-11-19 20:58:48,23.9,89.5,87.7
2025-11-19 20:58:54,20.1,89.5,87.7
2025-11-19 20:59:00,26.4,89.2,87.7
2025-11-19 20:59:06,29.0,90.1,87.7
2025-11-19 20:59:12,26.6,90.2,87.7
2025-11-19 20:59:18,46.4,90.4,87.7
2025-11-19 20:59:24,43.4,90.2,87.7
2025-11-19 20:59:30,38.8,90.0,87.7
2025-11-19 20:59:36,33.1,89.9,87.7
2025-11-19 20:59:42,48.8,90.4,87.7
2025-11-19 20:59:48,30.6,90.4,87.7
2025-11-19 20:59:55,39.7,90.4,87.7
2025-11-19 21:00:01,22.8,90.4,87.7
2025-11-19 21:00:07,25.8,90.4,87.7
2025-11-19 21:00:13,29.6,90.4,87.7
2025-11-19 21:00:19,33.9,90.5,87.7
2025-11-19 21:00:25,26.3,90.5,87.7
2025-11-19 21:00:31,31.6,90.6,87.7
2025-11-19 21:00:37,39.7,90.7,87.7
2025-11-19 21:00:43,26.3,91.1,87.7
2025-11-19 21:00:49,57.5,92.8,87.7
2025-11-19 21:00:55,28.2,92.2,87.7
2025-11-19 21:01:02,31.0,92.1,87.7
2025-11-19 21:01:08,29.9,91.9,87.7
2025-11-19 21:01:14,32.6,92.0,87.7
2025-11-19 21:01:20,61.9,92.7,87.7
2025-11-19 21:01:26,35.2,92.7,87.7
2025-11-19 21:01:32,18.7,92.5,87.7
2025-11-19 21:01:38,17.9,92.2,87.7
2025-11-19 21:01:44,16.8,92.2,87.7
2025-11-19 21:01:50,28.7,92.5,87.7
2025-11-19 21:01:56,13.5,92.5,87.7
2025-11-19 21:02:02,20.5,92.5,87.7
2025-11-19 21:02:08,11.7,92.5,87.7
2025-11-19 21:02:15,17.4,92.4,87.7
2025-11-19 21:02:21,19.7,92.4,87.7
2025-11-19 21:02:27,19.7,92.1,87.7
2025-11-19 21:02:33,21.9,91.7,87.7
2025-11-19 21:02:39,12.8,91.6,87.7
2025-11-19 21:02:45,9.6,91.7,87.7
2025-11-19 21:02:51,17.0,91.6,87.7
2025-11-19 21:02:57,15.0,91.6,87.7
2025-11-19 21:03:03,15.3,91.6,87.7
2025-11-19 21:03:09,19.5,91.6,87.7
2025-11-19 21:03:15,17.2,91.3,87.7
2025-11-19 21:03:21,11.0,91.3,87.7
2025-11-19 21:03:27,14.9,91.3,87.7
2025-11-19 21:03:34,20.9,91.4,87.7
2025-11-19 21:03:40,30.8,90.8,87.7
2025-11-19 21:03:46,8.5,91.2,87.7
2025-11-19 21:03:52,15.5,91.1,87.7
2025-11-19 21:03:58,21.3,90.3,87.7
2025-11-19 21:04:04,14.4,90.3,87.7
2025-11-19 21:04:10,13.4,90.3,87.7
2025-11-19 21:04:16,14.0,90.3,87.7
2025-11-19 21:04:22,17.1,89.8,87.7
2025-11-19 21:04:28,10.4,89.9,87.7
2025-11-19 21:04:34,18.1,89.8,87.7
2025-11-19 21:04:40,14.5,89.7,87.7
2025-11-19 21:04:46,8.7,89.5,87.7
2025-11-19 21:04:52,13.3,89.5,87.7
2025-11-19 21:04:58,8.3,89.5,87.7
2025-11-19 21:05:05,13.4,89.5,87.7
2025-11-19 21:05:11,13.5,89.6,87.7
2025-11-19 21:05:17,13.2,89.6,87.7
2025-11-19 21:05:23,12.3,89.6,87.7
2025-11-19 21:05:29,6.6,89.6,87.7
2025-11-19 21:05:35,20.6,89.6,87.7
2025-11-19 21:05:41,8.1,89.6,87.7
2025-11-19 21:05:47,13.8,89.6,87.7
2025-11-19 21:05:53,13.3,89.6,87.7
2025-11-19 21:05:59,12.0,89.7,87.7
2025-11-19 21:06:05,10.9,89.6,87.7
2025-11-19 21:06:11,14.4,89.6,87.7
2025-11-19 21:06:17,13.4,89.5,87.7
2025-11-19 21:06:23,15.9,89.8,87.7
2025-11-19 21:06:29,15.9,90.0,87.7
2025-11-19 21:06:35,10.2,89.9,87.7
2025-11-19 21:06:42,16.0,89.9,87.7
2025-11-19 21:06:48,5.8,89.8,87.7
2025-11-19 21:06:54,12.1,89.8,87.7
2025-11-19 21:07:00,9.4,89.8,87.7
2025-11-19 21:07:06,13.8,89.8,87.7
2025-11-19 21:07:12,14.0,89.9,87.7
2025-11-19 21:07:18,6.0,89.9,87.7
2025-11-19 21:07:24,17.7,89.9,87.7
2025-11-19 21:07:30,10.4,89.7,87.7
2025-11-19 21:07:36,15.9,89.8,87.7
2025-11-19 21:07:42,11.6,90.1,87.7
2025-11-19 21:07:48,17.5,90.1,87.7
2025-11-19 21:07:54,15.8,90.0,87.7
2025-11-19 21:08:00,13.0,90.0,87.7
2025-11-19 21:08:06,16.3,90.0,87.7
2025-11-19 21:08:12,9.6,89.8,87.7
2025-11-19 21:08:18,13.2,89.9,87.7
2025-11-19 21:08:25,9.5,89.9,87.7
2025-11-19 21:08:31,17.4,90.6,87.7
2025-11-19 21:08:37,16.0,90.6,87.7
2025-11-19 21:08:43,8.8,89.8,87.7
2025-11-19 21:08:49,20.2,89.3,87.7
2025-11-19 21:08:55,14.9,89.3,87.7
2025-11-19 21:09:01,11.9,89.7,87.7
2025-11-19 21:09:07,19.8,89.8,87.7
2025-11-19 21:09:13,35.5,90.1,87.7
2025-11-19 21:09:19,17.6,89.3,87.7
2025-11-19 21:09:25,14.0,89.2,87.7
2025-11-19 21:09:31,15.1,89.3,87.7
2025-11-19 21:09:37,14.5,89.3,87.7
2025-11-19 21:09:43,20.9,89.5,87.7
2025-11-19 21:09:49,26.4,89.2,87.7
2025-11-19 21:09:55,9.2,89.2,87.7
2025-11-19 21:10:02,14.7,89.3,87.7
2025-11-19 21:10:08,13.1,89.3,87.7
2025-11-19 21:10:14,14.9,89.3,87.7
2025-11-19 21:10:20,13.0,89.3,87.7
2025-11-19 21:10:26,10.1,89.3,87.7
2025-11-19 21:10:32,14.1,89.4,87.7
2025-11-19 21:10:38,9.5,89.3,87.7
2025-11-19 21:10:44,16.3,89.3,87.7
2025-11-19 21:10:50,10.5,89.3,87.7
2025-11-19 21:10:56,12.4,89.3,87.7
2025-11-19 21:11:02,11.6,89.3,87.7
2025-11-19 21:11:08,11.2,89.3,87.7
2025-11-19 21:11:14,15.9,89.3,87.7
2025-11-19 21:11:20,18.7,89.4,87.7
2025-11-19 21:11:26,22.2,89.7,87.7
2025-11-19 21:11:32,13.5,89.6,87.7
2025-11-19 21:11:38,10.2,89.6,87.7
2025-11-19 21:11:44,17.0,89.6,87.7
2025-11-19 21:11:51,10.2,89.9,87.7
2025-11-19 21:11:57,15.1,90.1,87.7
2025-11-19 21:12:03,13.1,90.4,87.7
2025-11-19 21:12:09,12.5,90.4,87.7
2025-11-19 21:12:15,15.8,90.3,87.7
2025-11-19 21:12:21,6.6,90.2,87.7
2025-11-19 21:12:27,15.3,91.5,87.7
2025-11-19 21:12:33,15.7,91.3,87.7
2025-11-19 21:12:39,14.3,91.4,87.7
2025-11-19 21:12:45,37.6,92.2,87.7
2025-11-19 21:12:51,15.7,93.1,87.7
2025-11-19 21:12:57,10.7,92.9,87.7
2025-11-19 21:13:03,15.2,93.3,87.7
2025-11-19 21:13:09,9.9,93.3,87.7
2025-11-19 21:13:15,16.3,93.5,87.7
2025-11-19 21:13:21,13.3,93.1,87.7
2025-11-19 21:13:27,10.9,93.1,87.7
2025-11-19 21:13:34,12.8,93.1,87.7
2025-11-19 21:13:40,19.7,92.5,87.7
2025-11-19 21:13:46,18.8,91.7,87.7
2025-11-19 21:13:52,8.8,91.6,87.7
2025-11-19 21:13:58,14.8,91.7,87.7
2025-11-19 21:14:04,16.5,91.5,87.7
2025-11-19 21:14:10,11.2,92.0,87.7
2025-11-19 21:14:16,23.1,92.3,87.7
2025-11-19 21:14:22,17.0,91.8,87.7
2025-11-19 21:14:28,7.4,92.1,87.7
2025-11-19 21:14:34,18.1,91.9,87.7
2025-11-19 21:14:40,12.8,91.9,87.7
2025-11-19 21:14:46,18.0,92.0,87.7
2025-11-19 21:14:52,14.0,92.1,87.7
2025-11-19 21:14:58,10.1,92.0,87.7
2025-11-19 21:15:05,15.2,92.1,87.7
2025-11-19 21:15:11,16.0,91.9,87.7
2025-11-19 21:15:17,15.0,92.1,87.7
2025-11-19 21:15:23,17.3,92.1,87.7
2025-11-19 21:15:29,7.4,92.1,87.7
2025-11-19 21:15:35,19.3,92.4,87.7
2025-11-19 21:15:41,12.8,92.9,87.7
2025-11-19 21:15:47,12.8,92.7,87.7
2025-11-19 21:15:53,19.9,91.9,87.7
2025-11-19 21:15:59,19.3,92.0,87.7
2025-11-19 21:16:05,14.1,92.2,87.7
2025-11-19 21:16:11,56.3,92.3,87.7
2025-11-19 21:16:17,7.6,92.5,87.7
2025-11-19 21:16:23,15.1,92.6,87.7
2025-11-19 21:16:29,29.1,93.1,87.7
2025-11-19 21:16:36,21.7,93.4,87.7
2025-11-19 21:16:42,19.8,87.8,87.7
2025-11-19 21:16:48,11.3,87.3,87.7
2025-11-19 21:16:54,14.1,87.6,87.7
2025-11-19 21:17:00,31.0,87.8,87.7
2025-11-19 21:17:06,14.0,87.7,87.7
2025-11-19 21:17:12,22.6,85.7,87.7
2025-11-19 21:17:18,27.3,85.4,87.7
2025-11-19 21:17:24,32.3,84.2,87.7
2025-11-19 21:17:30,34.2,83.1,87.7
2025-11-19 21:17:36,47.5,83.8,87.7
2025-11-19 21:17:42,50.5,84.8,87.7
2025-11-19 21:17:49,9.7,85.0,87.7
2025-11-19 21:17:55,14.6,83.5,87.7
2025-11-19 21:18:01,23.9,84.2,87.7
2025-11-19 21:18:07,13.5,84.2,87.7
2025-11-19 21:18:13,9.0,83.8,87.7
2025-11-19 21:18:19,12.9,83.5,87.7
2025-11-19 21:18:25,19.0,83.0,87.7
2025-11-19 21:18:31,8.3,82.6,87.7
2025-11-19 21:18:37,17.6,82.5,87.7
2025-11-19 21:18:43,18.4,81.9,87.7
2025-11-19 21:18:49,13.4,81.8,87.7
2025-11-19 21:18:55,11.7,81.9,87.7
2025-11-19 21:19:01,16.3,81.9,87.7
2025-11-19 21:19:07,12.8,81.9,87.7
2025-11-19 21:19:13,21.9,82.1,87.7
2025-11-19 21:19:20,17.1,81.4,87.7
2025-11-19 21:19:26,10.8,81.4,87.7
2025-11-19 21:19:32,11.3,81.5,87.7
2025-11-19 21:19:38,12.0,81.4,87.7
2025-11-19 21:19:44,15.6,81.7,87.7
2025-11-19 21:19:50,11.9,81.4,87.7
2025-11-19 21:19:56,6.2,81.4,87.7
2025-11-19 21:20:02,11.8,81.4,87.7
2025-11-19 21:20:08,14.2,82.2,87.7
2025-11-19 21:20:14,45.0,82.7,87.7
2025-11-19 21:20:20,48.9,83.0,87.7
2025-11-19 21:20:26,23.0,82.6,87.7
2025-11-19 21:20:32,8.9,82.3,87.7
2025-11-19 21:20:38,16.7,82.4,87.7
2025-11-19 21:20:44,7.6,82.2,87.7
2025-11-19 21:20:50,20.4,82.0,87.7
2025-11-19 21:20:56,24.5,82.6,87.7
2025-11-19 21:21:03,12.5,82.6,87.7
2025-11-19 21:21:09,16.4,82.2,87.7
2025-11-19 21:21:15,13.3,82.5,87.7
2025-11-19 21:21:21,14.3,82.5,87.7
2025-11-19 21:21:27,15.9,82.7,87.7
2025-11-19 21:21:33,9.4,82.4,87.7
2025-11-19 21:21:39,17.5,82.4,87.8
2025-11-19 21:21:45,13.3,82.5,87.8
2025-11-19 21:21:51,10.6,82.4,87.8
2025-11-19 21:21:57,13.1,82.5,87.8
2025-11-23 16:09:07,9.2,84.5,64.2
2025-11-23 16:09:14,7.0,84.7,64.2
2025-11-23 16:09:20,9.3,83.5,64.2
2025-11-23 16:09:26,4.7,83.1,64.2
2025-11-23 16:09:32,10.7,83.3,64.2
2025-11-23 16:09:38,7.5,83.3,64.2
2025-11-23 16:09:44,7.8,83.1,64.2
2025-11-23 16:09:50,9.6,83.3,64.2
2025-11-23 16:09:57,7.4,83.6,64.2
2025-11-23 16:10:03,11.0,83.6,64.2
2025-11-23 16:10:09,7.4,83.5,64.2
2025-11-23 16:10:15,11.0,83.5,64.2
2025-11-23 16:10:21,7.6,83.5,64.2
2025-11-23 16:10:27,9.3,83.4,64.2
2025-11-23 16:10:33,8.2,83.4,64.2
2025-11-23 16:10:39,10.0,83.4,64.2
2025-11-23 16:10:45,8.9,83.3,64.2
2025-11-23 16:10:51,7.7,84.8,64.2
2025-11-23 16:10:57,6.1,85.7,64.2
2025-11-23 16:11:03,8.5,85.3,64.2
2025-11-23 16:11:09,6.8,86.7,64.2
2025-11-23 16:11:15,7.8,87.9,64.2
2025-11-23 16:11:21,9.3,87.2,64.2
2025-11-23 16:11:27,8.9,87.6,64.2
2025-11-23 16:11:33,7.1,89.2,64.2
2025-11-23 16:11:40,8.5,88.9,64.2
2025-11-23 16:11:46,10.5,87.7,64.2
2025-11-23 16:11:52,5.0,87.4,64.2
2025-11-23 16:11:58,6.9,87.4,64.2
2025-11-23 16:12:04,7.7,88.0,64.2
2025-11-23 16:12:10,9.5,88.5,64.2
2025-11-23 16:12:16,10.2,87.8,64.2
2025-11-23 16:12:22,4.3,87.8,64.2
2025-11-23 16:12:28,10.2,87.8,64.2
2025-11-23 16:12:34,7.5,87.8,64.2
2025-11-23 16:12:40,7.6,88.3,64.2
2025-11-23 16:12:46,11.0,88.5,64.2
2025-11-23 16:12:52,6.0,89.0,64.2
2025-11-23 16:12:58,10.8,88.9,64.2
2025-11-23 16:13:04,8.2,88.3,64.2
2025-11-23 16:13:10,4.5,88.5,64.2
2025-11-23 16:13:16,11.0,88.6,64.2
2025-11-23 16:13:23,7.0,89.5,64.2
2025-11-23 16:13:29,8.4,89.1,64.2
2025-11-23 16:13:35,8.7,89.4,64.2
2025-11-23 16:13:41,4.4,89.5,64.2
2025-11-23 16:13:47,7.7,88.8,64.2
2025-11-23 16:13:53,10.5,88.7,64.2
2025-11-23 16:13:59,10.1,88.6,64.2
2025-11-23 16:14:05,8.2,88.6,64.2
2025-11-23 16:14:11,7.5,89.3,64.2
2025-11-23 16:14:17,6.2,89.8,64.2
2025-11-23 16:14:23,9.4,89.3,64.2
2025-11-23 16:14:29,7.1,88.9,64.2
2025-11-23 16:14:35,8.7,88.8,64.2
2025-11-23 16:14:41,6.5,88.7,64.2
2025-11-23 16:14:47,10.2,88.4,64.2
2025-11-23 16:14:54,9.7,88.3,64.2
2025-11-23 16:15:00,10.8,88.3,64.2
2025-11-23 16:15:06,11.5,88.3,64.2
2025-11-23 16:15:12,8.2,88.4,64.2
2025-11-23 16:15:18,9.0,88.5,64.2
2025-11-23 16:15:24,10.0,88.4,64.2
2025-11-23 16:15:30,8.4,88.4,64.2
2025-11-23 16:15:36,10.0,89.0,64.2
2025-11-23 16:15:42,4.0,88.7,64.2
2025-11-23 16:15:48,11.3,88.2,64.2
2025-11-23 16:15:54,7.0,87.6,64.2
2025-11-23 22:46:36,7.2,85.4,64.7
2025-11-23 22:46:44,7.4,85.7,64.7
2025-11-23 22:46:50,5.6,85.9,64.7
2025-11-23 22:46:56,6.1,85.4,64.7
2025-11-23 22:47:02,5.3,85.3,64.7
2025-11-23 22:47:08,5.3,85.4,64.7
2025-11-23 22:47:14,6.0,85.5,64.7
2025-11-23 22:47:20,7.9,85.6,64.7
2025-11-23 22:47:26,4.1,85.4,64.7
2025-11-23 22:47:32,3.6,85.3,64.7
2025-11-23 22:47:38,8.9,85.3,64.7
2025-11-23 22:47:45,7.1,85.2,64.7
2025-11-23 22:47:51,5.8,85.1,64.7
2025-11-23 22:47:57,6.0,85.2,64.7
2025-11-23 22:48:03,6.7,85.1,64.7
2025-11-23 22:48:09,5.1,85.3,64.7
2025-11-23 22:48:15,4.1,85.5,64.7
2025-11-23 22:48:21,10.2,85.6,64.7
2025-11-23 22:48:27,6.3,85.5,64.7
2025-11-23 22:48:33,7.3,85.5,64.7
2025-11-23 22:48:39,5.5,85.6,64.7
2025-11-23 22:48:45,7.0,85.5,64.7
2025-11-23 22:48:51,8.8,86.7,64.7
2025-11-23 22:48:57,6.2,86.4,64.7
2025-11-23 22:49:03,5.9,86.4,64.7
2025-11-23 22:49:10,5.7,86.4,64.7
2025-11-23 22:49:16,4.1,86.4,64.7
2025-11-23 22:49:22,8.1,88.1,64.7
2025-11-23 22:49:28,16.5,87.1,64.7
2025-11-23 22:49:34,16.8,88.1,64.7
2025-11-23 22:49:40,5.9,89.0,64.7
2025-11-23 22:49:46,17.2,89.2,64.7
2025-11-23 22:49:52,7.6,88.9,64.7
2025-11-23 22:49:58,6.6,88.3,64.7
2025-11-23 22:50:04,3.9,88.6,64.7
2025-11-23 22:50:10,22.5,88.9,64.7
2025-11-23 22:50:17,19.9,89.3,64.7
2025-11-23 22:50:23,8.6,89.1,64.7
2025-11-23 22:50:29,8.8,89.0,64.7
2025-11-23 22:50:35,15.6,89.1,64.7
2025-11-23 22:50:41,14.1,89.5,64.7
2025-11-23 22:50:47,7.7,89.8,64.7
2025-11-23 22:50:53,10.5,90.3,64.7
2025-11-23 22:50:59,10.4,90.4,64.7
2025-11-23 22:51:05,15.1,90.8,64.7
2025-11-23 22:51:11,6.3,89.3,64.7
2025-11-23 22:51:45,18.0,89.8,64.7
2025-11-23 22:51:52,6.6,90.6,64.7
2025-11-23 22:51:58,7.6,90.2,64.7
2025-11-23 22:52:04,19.3,91.0,64.7
2025-11-23 22:52:10,10.6,89.7,64.7
2025-11-23 22:52:16,17.0,90.4,64.7
2025-11-23 22:52:22,11.6,90.6,64.7
2025-11-23 22:52:28,3.7,90.4,64.7
2025-11-23 22:52:34,8.8,89.7,64.7
2025-11-23 22:52:40,15.9,89.4,64.7
2025-11-23 22:52:47,14.2,90.3,64.7
2025-11-23 22:52:53,17.2,91.7,64.7
                                    2025-11-23 23:15:08,9.8,88.0,64.6
2025-11-23 23:15:15,9.7,88.2,64.6
2025-11-23 23:15:22,6.9,88.2,64.6
2025-11-23 23:15:28,7.5,88.0,64.6
2025-11-23 23:15:34,5.5,88.6,64.6
2025-11-23 23:15:40,12.9,85.9,64.6
2025-11-23 23:15:46,12.6,85.9,64.6
2025-11-23 23:15:52,8.4,86.2,64.6
2025-11-23 23:15:59,10.4,86.2,64.6
2025-11-23 23:16:05,9.8,86.4,64.6
2025-11-23 23:16:11,7.5,86.8,64.6
2025-11-23 23:16:17,10.0,85.8,64.6
2025-11-23 23:16:23,5.9,85.9,64.6
2025-11-23 23:16:29,6.8,86.0,64.6
2025-11-23 23:16:35,5.9,86.4,64.6
2025-11-23 23:16:42,6.9,85.5,64.6
2025-11-23 23:16:48,8.9,85.6,64.6
2025-11-23 23:16:54,9.5,86.5,64.6
2025-11-23 23:17:00,9.2,86.9,64.6
2025-11-23 23:17:06,9.7,86.1,64.6
2025-11-23 23:17:12,3.6,86.5,64.6
2025-11-23 23:18:44,6.8,97.9,64.6
2025-11-23 23:18:51,8.3,97.7,64.6
2025-11-23 23:18:57,5.9,98.1,64.6
2025-11-23 23:19:03,4.3,97.7,64.6
2025-11-23 23:19:09,10.3,98.3,64.6
2025-11-23 23:19:16,6.2,98.2,64.6
2025-11-23 23:19:22,13.1,98.6,64.6
2025-11-23 23:19:28,6.4,97.6,64.6
2025-11-23 23:19:34,6.2,96.7,64.6
2025-11-23 23:19:40,7.1,96.7,64.6
2025-11-23 23:19:46,6.5,95.8,64.6
2025-11-23 23:19:53,6.5,94.8,64.6
2025-11-23 23:19:59,3.2,94.2,64.6
2025-11-23 23:20:05,3.1,93.8,64.6
2025-11-23 23:20:11,4.1,93.8,64.6
2025-11-23 23:20:17,8.8,94.6,64.6
2025-11-23 23:20:23,3.2,94.7,64.6
2025-11-23 23:20:29,9.0,93.7,64.6
2025-11-23 23:20:36,5.1,94.0,64.6
2025-11-23 23:20:42,7.7,94.4,64.6
2025-11-23 23:20:48,7.8,94.6,64.6
2025-11-23 23:20:54,6.4,94.7,64.6
2025-11-23 23:21:00,8.0,94.8,64.6
2025-11-23 23:21:06,8.6,94.8,64.6
2025-11-23 23:21:13,15.5,97.5,64.6
2025-11-23 23:21:19,6.3,92.1,64.6
2025-11-23 23:21:25,8.6,90.0,64.6
2025-11-23 23:21:31,8.4,91.3,64.6
2025-11-23 23:21:37,5.3,91.3,64.6
2025-11-23 23:21:43,8.2,91.2,64.6
2025-11-23 23:21:50,6.3,91.7,64.6
2025-11-23 23:21:56,7.0,90.8,64.6
2025-11-23 23:22:02,9.8,90.6,64.6
2025-11-23 23:22:08,5.1,90.6,64.6
2025-11-23 23:22:14,6.5,90.8,64.6
2025-11-23 23:22:20,6.4,90.9,64.6
2025-11-23 23:22:27,9.2,90.9,64.6
2025-11-23 23:22:33,5.5,90.9,64.6
2025-11-23 23:22:39,9.1,91.8,64.6
2025-11-23 23:22:45,6.9,92.1,64.6
2025-11-23 23:22:51,7.1,91.5,64.6
2025-11-23 23:22:57,5.8,91.5,64.6
2025-11-23 23:23:04,4.8,90.8,64.6
2025-11-23 23:23:10,5.9,90.9,64.6
2025-11-23 23:23:16,3.0,91.3,64.6
2025-11-23 23:23:22,6.1,91.6,64.6
2025-11-23 23:23:28,5.5,91.8,64.6
2025-11-23 23:23:34,7.8,91.9,64.6
2025-11-23 23:23:41,6.9,92.9,64.6
2025-11-23 23:23:47,4.8,92.9,64.6
2025-11-23 23:23:53,8.8,92.2,64.6
2025-11-23 23:23:59,6.9,92.8,64.6
2025-11-23 23:24:05,6.2,92.9,64.6
2025-11-23 23:24:11,7.4,93.9,64.6
2025-11-23 23:24:17,5.2,93.3,64.6
2025-11-23 23:24:24,7.0,92.7,64.6
2025-11-23 23:24:30,6.5,92.7,64.6
2025-11-23 23:24:36,10.9,92.8,64.6
2025-11-23 23:24:42,12.5,92.5,64.6
2025-11-23 23:24:48,5.4,92.5,64.6
2025-11-23 23:24:54,7.6,92.5,64.6
2025-11-23 23:25:00,8.2,92.4,64.6
2025-11-23 23:25:07,7.3,92.4,64.6
2025-11-23 23:25:13,5.8,92.5,64.6
2025-11-23 23:25:19,9.7,92.1,64.6
2025-11-23 23:25:25,6.7,92.2,64.6
2025-11-23 23:25:31,7.5,90.8,64.6
2025-11-24 00:19:48,11.7,86.4,64.7
2025-11-24 00:19:55,12.3,88.4,64.7
2025-11-24 00:20:01,5.6,88.3,64.7
2025-11-24 00:20:08,10.3,87.6,64.7
2025-11-24 00:20:14,10.9,88.1,64.7
2025-11-24 00:20:20,6.3,88.1,64.7
2025-11-24 00:20:26,14.2,89.3,64.7
2025-11-24 00:20:32,9.7,90.0,64.7
2025-11-24 00:20:38,9.8,87.4,64.7
2025-11-24 00:20:44,10.1,86.6,64.7
2025-11-24 00:20:50,6.1,86.2,64.7
2025-11-24 00:20:57,12.5,86.1,64.7
2025-11-24 00:21:03,10.8,86.1,64.7
2025-11-24 00:21:09,8.5,86.0,64.7
2025-11-24 00:21:15,5.6,85.9,64.7
2025-11-24 00:21:21,6.0,85.9,64.7
2025-11-24 00:21:27,7.0,85.7,64.7
2025-11-24 00:21:33,8.3,85.9,64.7
2025-11-24 00:21:39,8.9,86.1,64.7
2025-11-24 00:21:45,9.9,85.9,64.7
2025-11-24 00:21:52,10.6,86.0,64.7
2025-11-24 00:21:58,8.1,86.2,64.7
2025-11-24 00:22:04,11.7,86.0,64.7
2025-11-24 00:22:10,11.7,86.0,64.7
2025-11-24 00:22:16,7.9,86.2,64.7
2025-11-24 00:22:22,10.0,86.3,64.7
2025-11-24 00:22:28,10.1,86.4,64.7
2025-11-24 00:22:35,8.8,86.4,64.7
2025-11-24 00:22:41,10.4,86.0,64.7
2025-11-24 00:22:47,6.1,85.3,64.7
2025-11-24 00:22:53,10.3,85.5,64.7
2025-11-24 00:22:59,7.4,86.8,64.7
2025-11-24 00:23:05,11.7,85.9,64.7
2025-11-24 00:23:11,7.7,86.2,64.7
2025-11-24 00:23:18,8.8,86.7,64.7
2025-11-24 00:23:24,6.6,86.6,64.7
2025-11-24 00:23:30,10.1,86.3,64.7
2025-11-24 00:23:36,7.7,86.6,64.7
2025-11-24 00:23:42,11.2,86.6,64.7
2025-11-24 00:23:48,9.9,86.3,64.7
2025-11-24 00:23:54,7.5,86.1,64.7
2025-11-24 00:24:00,13.2,86.2,64.7
2025-11-24 00:24:07,7.4,86.0,64.7
2025-11-24 00:24:13,12.1,86.0,64.7
2025-11-24 00:24:19,10.7,85.7,64.7
2025-11-24 00:24:25,9.1,85.5,64.7
2025-11-24 00:24:31,11.9,85.5,64.7
2025-11-24 00:24:37,8.9,85.0,64.7
2025-11-24 00:24:43,8.9,85.0,64.7
2025-11-24 00:24:49,9.7,85.0,64.7
2025-11-24 00:24:56,8.1,85.3,64.7
2025-11-24 00:25:02,11.5,85.4,64.7
2025-11-24 00:25:08,11.7,88.7,64.7
2025-11-24 00:25:14,14.4,86.4,64.7
2025-11-24 00:25:20,13.7,88.3,64.7
2025-11-24 00:25:26,11.4,86.9,64.7
2025-11-24 00:25:33,7.6,85.9,64.7
2025-11-24 00:25:39,11.9,82.9,64.7
2025-11-24 00:25:45,9.4,82.9,64.7
2025-11-24 00:25:51,8.1,82.9,64.7
2025-11-24 00:25:57,8.9,82.6,64.7
2025-11-24 00:26:03,10.4,82.7,64.7
2025-11-24 00:26:09,7.6,83.6,64.7
2025-11-24 00:26:15,9.9,82.7,64.7
2025-11-24 00:26:22,8.5,82.2,64.7
2025-11-24 00:26:28,14.8,82.3,64.7
2025-11-24 00:26:34,10.8,82.5,64.7
2025-11-24 00:26:40,8.3,82.2,64.7
2025-11-24 00:26:46,12.4,82.4,64.7
2025-11-24 00:26:52,9.6,82.0,64.7
2025-11-24 00:26:58,7.2,81.8,64.7
2025-11-24 00:27:04,6.1,81.8,64.7
2025-11-24 00:27:11,9.8,81.6,64.7
2025-11-24 00:27:17,10.6,81.6,64.7
2025-11-24 00:27:23,5.4,81.6,64.7
2025-11-24 00:27:29,11.7,81.5,64.7
2025-11-24 00:27:35,9.1,81.9,64.7
2025-11-24 00:27:41,8.3,82.0,64.7
2025-11-24 00:27:47,12.1,82.3,64.7
2025-11-24 00:27:53,8.4,82.6,64.7
2025-11-24 00:28:00,7.2,83.9,64.7
2025-11-24 00:28:06,10.6,82.9,64.7
2025-11-24 00:28:12,10.0,82.3,64.7
2025-11-24 00:28:18,8.3,82.2,64.7
2025-11-24 00:28:24,5.8,83.0,64.7
2025-11-24 00:28:30,10.0,82.4,64.7
2025-11-24 00:28:36,12.1,82.6,64.7
2025-11-24 00:28:42,12.3,82.6,64.7
2025-11-24 00:28:48,7.0,83.0,64.7
2025-11-24 00:28:55,12.8,83.0,64.7
2025-11-24 00:29:01,11.9,83.4,64.7
2025-11-24 00:29:07,9.4,85.6,64.7
2025-11-24 00:29:13,5.9,85.4,64.7
2025-11-24 00:29:19,11.2,85.4,64.7
2025-11-24 00:29:25,8.9,84.7,64.7
2025-11-24 00:29:31,8.7,85.3,64.7
2025-11-24 00:29:37,9.8,84.6,64.7
2025-11-24 00:29:44,13.0,84.9,64.7
2025-11-24 00:29:50,7.1,84.3,64.7
2025-11-24 00:29:56,11.4,84.5,64.7
2025-11-24 00:30:02,20.7,85.1,64.7
2025-11-24 00:30:08,5.7,85.7,64.7
2025-11-24 00:30:14,10.3,85.3,64.7
2025-11-24 00:30:20,12.8,87.0,64.7
2025-11-24 00:30:27,9.0,87.0,64.7
2025-11-24 00:30:33,11.5,86.3,64.7
2025-11-24 00:30:39,5.2,85.4,64.7
2025-11-24 00:30:45,7.4,85.3,64.7
2025-11-24 00:30:51,12.2,85.2,64.7
2025-11-24 00:30:57,11.2,85.3,64.7
2025-11-24 00:31:03,10.8,85.2,64.7
2025-11-24 00:31:09,11.4,85.3,64.7
2025-11-24 00:31:15,12.1,85.3,64.7
2025-11-24 00:31:22,8.7,86.6,64.7
2025-11-24 00:31:28,10.5,86.8,64.7
2025-11-24 00:31:34,10.2,85.5,64.7
2025-11-24 00:31:40,7.1,84.2,64.7
2025-11-24 00:31:46,15.0,84.3,64.7
2025-11-24 00:31:52,13.3,84.1,64.7
2025-11-24 00:31:58,9.0,83.0,64.7
2025-11-24 00:32:05,10.4,83.4,64.7
2025-11-24 00:32:11,9.8,83.3,64.7
2025-11-24 00:32:17,13.5,82.6,64.7
2025-11-24 00:32:23,11.3,82.6,64.7
2025-11-24 00:32:29,10.5,82.3,64.7
2025-11-24 00:32:35,10.5,82.5,64.7
2025-11-24 00:32:41,10.6,82.7,64.7
2025-11-24 00:32:48,9.4,82.9,64.7
2025-11-24 00:32:54,11.1,83.2,64.7
2025-11-24 00:33:00,9.0,84.1,64.7
2025-11-24 00:33:06,10.6,84.2,64.7
2025-11-24 00:33:19,5.9,83.8,64.7
2025-11-24 00:33:26,6.3,84.9,64.7
2025-11-24 00:33:32,10.2,84.5,64.7
2025-11-24 00:33:38,9.4,84.0,64.7
2025-11-24 00:33:44,8.4,84.0,64.7
2025-11-24 00:33:50,8.6,83.2,64.7
2025-11-24 00:33:56,10.1,83.0,64.7
2025-11-24 00:34:02,8.6,83.0,64.7
2025-11-24 00:34:09,10.7,83.5,64.7
2025-11-24 00:34:15,8.8,83.6,64.7
2025-11-24 00:34:21,9.1,84.2,64.7
2025-11-24 00:34:27,10.7,83.7,64.7
2025-11-24 00:34:33,9.5,84.3,64.7
2025-11-24 00:34:39,7.7,84.7,64.7
2025-11-24 00:34:45,10.7,84.4,64.7
2025-11-24 00:34:51,8.4,84.4,64.7
2025-11-24 00:34:58,9.2,84.4,64.7
2025-11-24 00:35:04,9.4,84.8,64.7
2025-11-24 00:35:10,9.0,85.2,64.7
2025-11-24 00:35:16,9.7,85.0,64.7
2025-11-24 00:35:22,11.2,85.0,64.7
2025-11-24 00:35:28,7.4,85.3,64.7
2025-11-24 00:35:34,10.9,85.1,64.7
2025-11-24 00:35:40,9.1,84.4,64.7
2025-11-24 00:35:47,7.3,83.9,64.7
2025-11-24 00:35:53,10.5,84.2,64.7
2025-11-24 00:35:59,10.1,84.2,64.7
2025-11-24 00:36:05,8.9,84.5,64.7
2025-11-24 00:36:11,11.1,84.9,64.7
2025-11-24 00:36:17,9.7,85.2,64.7
2025-11-24 00:36:23,6.5,85.2,64.7
2025-11-24 00:36:29,9.0,85.5,64.7
2025-11-24 00:36:35,10.4,84.7,64.7
2025-11-24 00:36:42,12.0,84.9,64.7
2025-11-24 00:36:48,10.2,85.3,64.7
2025-11-24 00:36:54,10.1,87.8,64.7
2025-11-24 00:37:00,11.1,87.2,64.7
2025-11-24 00:37:06,7.0,87.1,64.7
2025-11-24 00:37:12,10.2,86.5,64.7
2025-11-24 00:37:18,14.9,86.4,64.7
2025-11-24 00:37:24,11.2,88.1,64.7
2025-11-24 00:37:31,8.3,87.9,64.7
2025-11-24 00:37:37,10.3,87.3,64.7
2025-11-24 00:37:43,10.0,86.9,64.7
2025-11-24 00:37:49,7.2,84.8,64.7
2025-11-24 00:37:55,10.9,85.6,64.7
2025-11-24 00:38:01,6.2,85.7,64.7
2025-11-24 00:38:07,9.4,85.5,64.7
2025-11-24 00:38:14,10.5,85.1,64.7
2025-11-24 00:38:20,7.0,86.4,64.7
2025-11-24 00:38:26,11.6,86.4,64.7
2025-11-24 00:38:32,9.9,86.1,64.7
2025-11-24 00:38:38,6.9,85.8,64.7
2025-11-24 00:38:44,10.1,85.9,64.7
2025-11-24 00:38:50,9.7,86.0,64.7
2025-11-24 00:38:56,7.6,85.9,64.7
2025-11-24 00:39:02,11.6,86.1,64.7
2025-11-24 00:39:09,10.0,86.6,64.7
2025-11-24 00:39:15,11.2,88.8,64.7
2025-11-24 00:39:21,5.5,87.7,64.7
2025-11-24 00:39:27,11.0,87.1,64.7
2025-11-24 00:39:33,16.1,87.3,64.7
2025-11-24 00:39:39,10.1,88.0,64.7
2025-11-24 00:39:46,9.5,88.2,64.7
2025-11-24 00:39:52,6.8,88.4,64.7
2025-11-24 00:39:58,9.5,88.5,64.7
2025-11-24 00:40:04,9.0,88.2,64.7
2025-11-24 00:40:10,6.7,88.3,64.7
2025-11-24 00:40:16,9.5,88.3,64.7
2025-11-24 00:40:22,8.3,87.8,64.7
2025-11-24 00:40:29,12.6,87.3,64.8
2025-11-24 00:40:35,10.9,89.7,64.8
2025-11-24 00:40:41,16.8,92.1,64.9
2025-11-24 00:40:47,13.3,84.8,65.0
2025-11-24 00:40:53,14.9,84.7,65.0
2025-11-24 00:40:59,11.3,84.8,64.9
2025-11-24 00:41:05,9.1,85.2,64.9
2025-11-24 00:41:12,12.4,86.3,64.9
2025-11-24 00:41:18,34.1,89.6,64.9
2025-11-24 00:41:24,10.5,89.2,64.9
2025-11-24 00:41:30,5.1,89.9,64.9
2025-11-24 00:41:37,12.8,90.3,64.9
2025-11-24 00:41:43,3.5,90.5,64.9
2025-11-24 00:41:49,10.0,89.7,64.9
2025-11-24 00:41:55,11.1,89.5,64.9
2025-11-24 00:42:01,8.7,89.1,64.9
2025-11-24 00:42:07,10.5,88.9,64.9
2025-11-24 00:42:13,15.7,89.0,64.9
2025-11-24 00:42:20,12.6,89.1,64.9
2025-11-24 00:42:26,10.9,88.9,64.9
2025-11-24 00:42:32,7.0,88.9,64.9
2025-11-24 00:42:38,11.2,88.8,64.9
2025-11-24 00:42:44,9.6,88.9,64.9
2025-11-24 00:42:50,6.6,88.8,64.9
2025-11-24 00:42:56,10.6,89.5,64.9
2025-11-24 00:43:03,8.7,88.9,64.9
2025-11-24 00:43:09,9.9,89.0,64.9
2025-11-24 00:43:15,10.2,89.0,64.9
2025-11-24 00:43:21,7.1,89.0,64.9
2025-11-24 00:43:27,10.0,88.9,64.9
2025-11-24 00:43:33,9.6,88.9,64.9
2025-11-24 00:43:39,7.7,89.0,64.9
2025-11-24 00:43:45,9.2,88.8,64.9
2025-11-24 00:43:52,10.8,88.8,64.9
2025-11-24 00:43:58,7.8,88.9,64.9
2025-11-24 00:44:04,9.7,88.9,64.9
2025-11-24 00:44:10,13.5,89.2,64.9
2025-11-24 00:44:16,6.3,89.0,64.9
2025-11-24 00:44:22,10.3,89.0,64.9
2025-11-24 00:44:28,9.6,89.0,64.9
2025-11-24 00:44:34,8.1,88.9,64.9
2025-11-24 00:44:41,11.9,88.8,64.9
2025-11-24 00:44:47,10.2,88.8,64.9
2025-11-24 00:44:53,6.9,88.7,64.9
2025-11-24 00:44:59,10.0,88.7,64.9
2025-11-24 00:45:05,11.9,88.7,64.9
2025-11-24 00:45:11,5.6,88.7,64.9
2025-11-24 00:45:17,10.4,88.7,64.9
2025-11-24 00:45:23,10.3,88.7,64.9
2025-11-24 00:45:30,5.9,88.6,64.9
2025-11-24 00:45:36,10.6,88.8,64.9
2025-11-24 00:45:42,6.3,86.1,64.9
2025-11-24 00:45:48,10.9,86.2,64.9
2025-11-24 00:45:54,10.9,86.2,64.9
2025-11-24 00:46:00,6.5,86.1,64.9
2025-11-24 00:46:06,10.5,86.2,64.9
2025-11-24 00:46:12,12.5,86.2,64.9
2025-11-24 00:46:19,6.8,86.2,64.9
2025-11-24 00:46:25,9.9,86.2,64.9
2025-11-24 00:46:31,9.4,86.2,64.9
2025-11-24 00:46:37,6.9,86.3,64.9
2025-11-24 00:46:43,10.1,86.8,64.9
2025-11-24 00:46:49,11.2,86.9,64.9
2025-11-24 00:46:55,13.7,82.6,64.9
2025-11-24 00:47:02,9.5,82.0,64.9
2025-11-24 00:47:08,8.5,81.9,64.9
2025-11-24 00:47:14,11.0,82.0,64.9
2025-11-24 00:47:20,7.8,82.0,64.9
2025-11-24 00:47:26,9.6,82.0,64.9
2025-11-24 00:47:32,9.8,82.0,64.9
2025-11-24 00:47:38,7.3,82.0,64.9
2025-11-24 00:47:44,10.1,82.0,64.9
2025-11-24 00:47:51,10.8,82.0,64.9
2025-11-24 00:47:57,7.6,82.0,64.9
2025-11-24 00:48:03,10.1,82.0,64.9
2025-11-24 00:48:09,10.0,82.0,64.9
2025-11-24 00:48:15,5.9,82.0,64.9
2025-11-24 00:48:21,12.3,82.0,64.9
2025-11-24 00:48:27,9.4,82.0,64.9
2025-11-24 00:48:33,6.4,82.0,64.9
2025-11-24 00:48:40,8.5,82.0,64.9
2025-11-24 00:48:46,9.6,82.1,64.9
2025-11-24 00:48:52,6.9,82.1,64.9
2025-11-24 00:48:58,10.9,82.1,64.9
2025-11-24 00:49:04,10.1,82.1,64.9
2025-11-24 00:49:10,7.9,81.8,64.9
2025-11-24 00:49:16,10.9,81.9,64.9
2025-11-24 00:49:22,9.9,81.9,64.9
2025-11-24 00:49:29,10.6,82.1,64.9
2025-11-24 00:49:35,10.3,81.9,64.9
2025-11-24 00:49:41,10.4,82.0,64.9
2025-11-24 00:49:47,8.1,81.9,64.9
2025-11-24 00:49:53,10.6,81.9,64.9
2025-11-24 00:49:59,9.8,81.9,64.9
2025-11-24 00:50:05,8.2,81.9,64.9
2025-11-24 00:50:11,9.5,81.9,64.9
2025-11-24 00:50:18,9.5,81.9,64.9
2025-11-24 00:50:24,7.9,81.9,64.9
2025-11-24 00:50:30,10.8,82.1,64.9
2025-11-24 00:50:36,7.9,82.1,64.9
2025-11-24 00:50:42,11.1,81.2,64.9
2025-11-24 00:50:48,10.6,81.2,64.9
2025-11-24 00:50:54,5.8,81.1,64.9
2025-11-24 00:51:00,10.3,81.1,64.9
2025-11-24 00:51:07,7.2,81.2,64.9
2025-11-24 00:51:13,7.1,81.6,64.9
2025-11-24 00:51:19,5.9,81.8,64.9
2025-11-24 00:51:25,6.5,81.8,64.9
2025-11-24 00:51:31,6.1,82.1,64.9
2025-11-24 00:51:37,6.6,82.5,64.9
2025-11-24 00:51:43,10.0,83.0,64.9
2025-11-24 00:51:50,7.1,83.5,64.9
2025-11-24 00:51:56,10.8,82.9,64.9
2025-11-24 00:52:02,9.9,82.9,64.9
2025-11-24 00:52:08,8.7,82.9,64.9
2025-11-24 00:52:14,8.9,82.9,64.9
2025-11-24 00:52:20,9.9,82.9,64.9
2025-11-24 00:52:26,7.5,82.9,64.9
2025-11-24 00:52:32,9.6,82.9,64.9
2025-11-24 00:52:39,10.1,82.9,64.9
2025-11-24 00:52:45,10.1,82.9,64.9
2025-11-24 00:52:51,10.5,82.8,64.9
2025-11-24 00:52:57,9.2,83.2,64.9
2025-11-24 00:53:03,6.3,82.4,64.9
2025-11-24 00:53:09,9.6,81.0,64.9
2025-11-24 00:53:15,10.4,82.3,64.9
2025-11-24 00:53:21,9.1,82.1,64.9
2025-11-24 00:53:28,5.4,82.1,64.9
2025-11-24 00:53:34,7.5,81.8,64.9
2025-11-24 00:53:40,8.5,82.0,64.9
2025-11-24 00:53:46,6.1,82.0,64.9
2025-11-24 00:53:52,14.0,83.8,64.9
2025-11-24 00:53:58,13.7,84.5,64.9
2025-11-24 00:54:04,12.8,84.8,64.9
2025-11-24 00:54:10,14.6,84.9,64.9
2025-11-24 00:54:17,9.5,85.0,64.9
2025-11-24 00:54:23,11.0,84.3,64.9
2025-11-24 00:54:29,10.5,85.5,64.9
2025-11-24 00:54:35,8.1,86.2,64.9
2025-11-24 00:54:41,11.9,87.5,64.9
2025-11-24 00:54:47,9.9,87.6,64.9
2025-11-24 00:54:54,10.7,87.8,64.9
2025-11-24 00:55:00,16.0,87.1,64.9
2025-11-24 00:55:06,7.0,86.9,64.9
2025-11-24 00:55:12,11.7,87.0,64.9
2025-11-24 00:55:18,14.7,87.3,64.9
2025-11-24 00:55:24,12.5,87.4,64.9
2025-11-24 00:55:31,11.4,87.4,64.9
2025-11-24 00:55:37,8.4,87.2,64.9
2025-11-24 00:55:43,11.2,87.2,64.9
2025-11-24 00:55:49,6.5,86.9,64.9
2025-11-24 00:55:55,8.2,86.7,64.9
2025-11-24 00:56:01,10.5,86.5,64.9
2025-11-24 00:56:08,6.5,86.2,64.9
2025-11-24 00:56:14,10.6,87.6,64.9
2025-11-24 00:56:20,10.1,87.6,64.9
2025-11-24 00:56:26,16.7,88.2,64.9
2025-11-24 00:56:32,9.4,88.2,64.9
2025-11-24 00:56:38,11.8,88.1,64.9
2025-11-24 00:56:44,8.4,88.5,64.9
2025-11-24 00:56:51,12.5,88.5,64.9
2025-11-24 00:56:57,14.7,87.0,64.9
2025-11-24 00:57:03,13.8,86.4,64.9
2025-11-24 00:57:09,10.2,86.1,64.9
2025-11-24 00:57:15,19.7,86.5,64.9
2025-11-24 00:57:22,10.5,87.4,64.9
2025-11-24 00:57:28,13.5,87.0,64.9
2025-11-24 00:57:34,12.6,86.5,64.9
2025-11-24 00:57:40,11.9,86.7,64.9
2025-11-24 00:57:47,12.6,86.8,64.9
2025-11-24 00:57:53,13.3,86.9,64.9
2025-11-24 00:57:59,16.8,86.7,64.9
2025-11-24 00:58:05,12.5,86.9,64.9
2025-11-24 00:58:11,17.4,87.1,64.9
2025-11-24 00:58:17,31.9,87.1,64.9
2025-11-24 00:58:24,13.6,88.0,64.9
2025-11-24 00:58:30,13.5,88.1,64.9
2025-11-24 00:58:36,13.0,88.1,64.9
2025-11-24 00:58:42,10.4,88.2,64.9
2025-11-24 00:58:48,13.3,88.3,64.9
2025-11-24 00:58:54,10.8,88.3,64.9
2025-11-24 00:59:00,13.8,88.1,64.9
2025-11-24 00:59:07,13.1,87.7,64.9
2025-11-24 00:59:13,16.4,87.4,64.9
2025-11-24 00:59:19,15.9,87.6,64.9
2025-11-24 00:59:25,15.2,88.0,64.9
2025-11-24 00:59:31,10.4,87.6,64.9
2025-11-24 00:59:37,12.8,87.7,64.9
2025-11-24 00:59:43,12.1,87.5,64.9
2025-11-24 00:59:50,12.8,87.5,64.9
2025-11-24 00:59:56,9.8,87.4,64.9
2025-11-24 01:00:02,14.5,87.3,64.9
2025-11-24 01:00:08,8.6,87.0,64.9
2025-11-24 01:00:14,15.1,87.0,64.9
2025-11-24 01:00:20,16.2,85.8,64.9
2025-11-24 01:00:27,12.6,86.2,64.9
2025-11-24 01:00:33,11.8,86.2,64.9
2025-11-24 01:00:39,12.3,86.1,64.9
2025-11-24 01:00:45,10.2,85.4,64.9
2025-11-24 01:00:51,12.4,85.4,64.9
2025-11-24 01:00:57,8.8,85.4,64.9
2025-11-24 01:01:03,14.3,85.2,64.9
2025-11-24 01:01:10,8.3,85.0,64.9
2025-11-24 01:01:16,14.6,85.3,64.9
2025-11-24 01:01:22,10.8,85.6,64.9
2025-11-24 01:01:28,14.3,85.5,64.9
2025-11-24 01:01:34,12.6,85.5,64.9
2025-11-24 01:01:40,14.6,85.4,64.9
2025-11-24 01:01:46,10.9,85.4,64.9
2025-11-24 01:01:53,13.7,85.4,64.9
2025-11-24 01:01:59,12.6,85.5,64.9
2025-11-24 01:02:05,13.8,85.0,64.9
2025-11-24 01:02:11,12.7,85.0,64.9
2025-11-24 01:02:17,16.5,85.3,64.9
2025-11-24 01:02:23,13.7,85.5,64.9
2025-11-24 01:02:30,10.7,85.4,64.9
2025-11-24 01:02:36,13.8,85.4,64.9
2025-11-24 01:02:42,15.4,85.5,64.9
2025-11-24 01:02:48,13.6,85.6,64.9
2025-11-24 01:02:54,12.2,85.6,64.9
2025-11-24 01:03:00,14.4,85.6,64.9
2025-11-24 01:03:07,14.8,84.9,64.9
2025-11-24 01:03:13,13.9,85.1,64.9
2025-11-24 01:03:19,10.9,85.4,64.9
2025-11-24 01:03:25,13.6,85.7,64.9
2025-11-24 01:03:31,8.9,85.5,64.9
2025-11-24 01:03:37,13.4,85.5,64.9
2025-11-24 01:03:43,9.4,85.5,64.9
2025-11-24 01:03:50,15.6,85.4,64.9
2025-11-24 01:03:56,10.8,85.4,64.9
2025-11-24 01:04:02,19.0,86.1,64.9
2025-11-24 01:04:08,19.3,83.8,64.9
2025-11-24 01:04:14,10.2,81.2,64.9
2025-11-24 01:04:20,13.4,81.0,64.9
2025-11-24 01:04:26,7.7,81.1,64.9
2025-11-24 01:04:33,13.5,81.1,64.9
2025-11-24 01:04:39,12.5,81.1,64.9
2025-11-24 01:04:45,10.6,81.1,64.9
2025-11-24 01:04:51,14.6,81.3,64.9
2025-11-24 01:04:57,8.3,81.2,64.9
2025-11-24 01:05:03,13.6,81.2,64.9
2025-11-24 01:05:09,13.3,81.2,64.9
2025-11-24 01:05:16,19.6,81.1,64.9
2025-11-24 01:05:22,11.1,81.2,64.9
2025-11-24 01:05:28,12.7,81.4,64.9
2025-11-24 01:05:34,13.5,81.4,64.9
2025-11-24 01:05:40,9.8,81.6,64.9
2025-11-24 01:05:46,12.7,80.9,64.9
2025-11-24 01:05:52,12.3,80.9,64.9
2025-11-24 01:05:58,12.7,80.8,64.9
2025-11-24 01:06:05,13.7,80.8,64.9
2025-11-24 01:06:11,11.4,80.8,64.9
2025-11-24 01:06:17,13.0,80.8,64.9
2025-11-24 01:06:23,12.2,80.8,64.9
2025-11-24 01:06:29,8.1,80.6,64.9
2025-11-24 01:06:35,13.2,80.7,64.9
2025-11-24 01:06:41,11.7,80.7,64.9
2025-11-24 01:06:47,9.0,80.7,64.9
2025-11-24 01:06:54,13.7,80.7,64.9
2025-11-24 01:07:00,10.2,80.7,64.9
2025-11-24 01:07:06,14.0,80.8,64.9
2025-11-24 01:07:12,12.7,80.8,64.9
2025-11-24 01:07:18,9.6,80.7,64.9
2025-11-24 01:07:24,13.6,80.8,64.9
2025-11-24 01:07:30,10.1,80.8,64.9
2025-11-24 01:07:36,12.3,80.8,64.9
2025-11-24 01:07:43,13.7,80.9,64.9
2025-11-24 01:07:49,9.0,80.8,64.9
2025-11-24 01:07:55,12.7,80.8,64.9
2025-11-24 01:08:01,12.9,80.7,64.9
2025-11-24 01:08:07,10.4,80.7,64.9
2025-11-24 01:08:13,15.8,80.7,64.9
2025-11-24 01:08:19,8.0,80.8,64.9
2025-11-24 01:08:25,13.3,80.8,64.9
2025-11-24 01:08:32,12.7,80.8,64.9
2025-11-24 01:08:38,11.2,80.8,64.9
2025-11-24 01:08:44,13.5,80.8,64.9
2025-11-24 01:08:50,8.3,80.8,64.9
2025-11-24 01:08:56,12.6,80.8,64.9
2025-11-24 01:09:02,14.0,80.8,64.9
2025-11-24 01:09:08,9.6,80.9,64.9
2025-11-24 01:09:14,16.2,80.8,64.9
2025-11-24 01:09:21,7.8,80.8,64.9
2025-11-24 01:09:27,13.1,80.9,64.9
2025-11-24 01:09:33,14.3,80.9,64.9
2025-11-24 01:09:39,8.7,80.9,64.9
2025-11-24 01:09:45,13.2,80.9,64.9
2025-11-24 01:09:51,10.2,80.9,64.9
2025-11-24 01:09:57,12.3,80.9,64.9
2025-11-24 01:10:03,14.0,80.9,64.9
2025-11-24 01:10:10,8.5,80.9,64.9
2025-11-24 01:10:16,13.6,80.8,64.9
2025-11-24 01:10:22,14.3,80.8,64.9
2025-11-24 01:10:28,11.6,80.8,64.9
2025-11-24 01:10:34,15.0,80.8,64.9
2025-11-24 01:10:40,10.5,81.0,64.9
2025-11-24 01:10:46,18.1,79.0,64.9
2025-11-24 01:10:52,10.8,79.0,64.9
2025-11-24 01:10:59,10.6,79.0,64.9
2025-11-24 01:11:05,14.8,78.9,64.9
2025-11-24 01:11:11,10.6,79.0,64.9
2025-11-24 01:11:17,13.0,78.9,64.9
2025-11-24 01:11:23,13.0,78.9,64.9
2025-11-24 01:11:29,14.2,78.9,64.9
2025-11-24 01:11:35,14.5,78.9,64.9
2025-11-24 01:11:41,9.6,79.0,64.9
2025-11-24 01:11:48,12.5,79.0,64.9
2025-11-24 01:11:54,12.8,79.0,64.9
2025-11-24 01:12:00,7.1,78.9,64.9
2025-11-24 01:12:06,14.5,79.0,64.9
2025-11-24 01:12:12,11.9,79.0,64.9
2025-11-24 01:12:18,10.5,79.0,64.9
2025-11-24 01:12:24,13.0,79.0,64.9
2025-11-24 01:12:30,10.9,79.0,64.9
2025-11-24 01:12:37,14.1,79.0,64.9
2025-11-24 01:12:43,9.1,79.9,64.9
2025-11-24 01:12:49,18.3,80.6,64.9
2025-11-24 01:12:55,28.5,84.5,64.9
2025-11-24 01:13:01,17.9,84.2,64.9
2025-11-24 01:13:07,11.5,81.3,64.9
2025-11-24 01:13:14,9.9,80.5,64.9
2025-11-24 01:13:20,10.4,80.5,64.9
2025-11-24 01:13:26,8.2,80.3,64.9
2025-11-24 01:13:32,10.5,80.3,64.9
2025-11-24 01:13:38,9.5,80.3,64.9
2025-11-24 01:13:44,11.5,80.4,64.9
2025-11-24 01:13:50,7.6,80.3,64.9
2025-11-24 01:13:57,11.2,80.4,64.9
2025-11-24 01:14:03,8.1,80.3,64.9
2025-11-24 01:14:09,11.4,80.4,64.9
2025-11-24 01:14:15,10.4,80.4,64.9
2025-11-24 01:14:21,11.8,80.4,64.9
2025-11-24 01:14:27,13.1,80.2,64.9
2025-11-24 01:14:34,12.5,80.3,64.9
2025-11-24 01:14:40,12.8,80.4,64.9
2025-11-24 01:14:46,10.1,79.4,64.9
2025-11-24 01:14:52,11.9,79.3,64.9
2025-11-24 01:14:58,7.3,79.2,64.9
2025-11-24 01:15:05,12.0,79.1,64.9
2025-11-24 01:15:11,11.1,79.2,64.9
2025-11-24 01:15:17,13.3,79.3,64.9
2025-11-24 01:15:23,8.3,79.2,64.9
2025-11-24 01:15:29,13.2,79.2,64.9
2025-11-24 01:15:35,8.9,79.2,64.9
2025-11-24 01:15:42,13.3,79.2,64.9
2025-11-24 01:15:48,10.1,79.2,64.9
2025-11-24 01:15:54,14.6,79.2,64.9
2025-11-24 01:16:00,11.1,79.2,64.9
2025-11-24 01:16:06,12.6,79.2,64.9
2025-11-24 01:16:12,11.6,79.2,64.9
2025-11-24 01:16:18,11.2,79.4,64.9
2025-11-24 01:16:25,12.5,79.5,64.9
2025-11-24 01:16:31,13.3,79.8,64.9
2025-11-24 01:16:37,13.3,79.9,64.9
2025-11-24 01:16:43,16.1,79.9,64.9
2025-11-24 01:16:49,9.3,79.9,64.9
2025-11-24 01:16:55,20.7,79.9,64.9
2025-11-24 01:17:02,13.2,79.9,64.9
2025-11-24 01:17:08,8.7,79.9,64.9
2025-11-24 01:17:14,12.0,80.1,64.9
2025-11-24 01:17:20,13.7,80.1,64.9
2025-11-24 01:17:26,11.8,80.3,64.9
2025-11-24 01:17:32,15.6,80.4,64.9
2025-11-24 01:17:39,15.3,80.6,64.9
2025-11-24 01:17:45,14.9,80.5,64.9
2025-11-24 01:17:51,16.2,80.8,64.9
2025-11-24 01:17:57,13.2,81.0,64.9
2025-11-24 01:18:03,17.2,81.0,64.9
2025-11-24 01:18:10,13.5,81.0,64.9
2025-11-24 01:18:16,15.9,81.0,64.9
2025-11-24 01:18:22,8.8,81.1,64.9
2025-11-24 01:18:28,15.1,81.3,64.9
2025-11-24 01:18:34,14.5,81.2,64.9
2025-11-24 01:18:40,15.6,81.3,64.9
2025-11-24 01:18:47,19.8,81.3,64.9
2025-11-24 01:18:53,10.1,80.7,64.9
